datum_start,datum_ende,name,bundesland_code,bundesland_name
2013-12-19,2014-01-03,Weihnachtsferien,DE-HH,Hamburg
2013-12-20,2014-01-04,Weihnachtsferien,DE-SL,Saarland
2013-12-21,2014-01-03,Weihnachtsferien,DE-SN,Sachsen
2013-12-21,2014-01-03,Weihnachtsferien,DE-ST,Sachsen-Anhalt
2013-12-23,2014-01-03,Weihnachtsferien,DE-BB,Brandenburg
2013-12-23,2014-01-03,Weihnachtsferien,DE-BE,Berlin
2013-12-23,2014-01-04,Weihnachtsferien,DE-BW,Baden-Württemberg
2013-12-23,2014-01-04,Weihnachtsferien,DE-BY,Bayern
2013-12-23,2014-01-03,Weihnachtsferien,DE-HB,Bremen
2013-12-23,2014-01-11,Weihnachtsferien,DE-HE,Hessen
2013-12-23,2014-01-03,Weihnachtsferien,DE-MV,Mecklenburg-Vorpommern
2013-12-23,2014-01-03,Weihnachtsferien,DE-NI,Niedersachsen
2013-12-23,2014-01-07,Weihnachtsferien,DE-NW,Nordrhein-Westfalen
2013-12-23,2014-01-07,Weihnachtsferien,DE-RP,Rheinland-Pfalz
2013-12-23,2014-01-06,Weihnachtsferien,DE-SH,Schleswig-Holstein
2013-12-23,2014-01-04,Weihnachtsferien,DE-TH,Thüringen
2014-01-30,2014-01-31,Winterferien,DE-HB,Bremen
2014-01-30,2014-01-31,Winterferien,DE-NI,Niedersachsen
2014-01-31,2014-01-31,Winterferien,DE-HH,Hamburg
2014-02-01,2014-02-12,Winterferien,DE-ST,Sachsen-Anhalt
2014-02-03,2014-02-08,Winterferien,DE-BB,Brandenburg
2014-02-03,2014-02-08,Winterferien,DE-BE,Berlin
2014-02-03,2014-02-15,Winterferien,DE-MV,Mecklenburg-Vorpommern
2014-02-17,2014-03-01,Winterferien,DE-SN,Sachsen
2014-02-17,2014-02-22,Winterferien,DE-TH,Thüringen
2014-03-03,2014-03-07,Winterferien,DE-BY,Bayern
2014-03-03,2014-03-14,Osterferien,DE-HH,Hamburg
2014-03-03,2014-03-08,Winterferien,DE-SL,Saarland
2014-04-03,2014-04-22,Osterferien,DE-HB,Bremen
2014-04-03,2014-04-22,Osterferien,DE-NI,Niedersachsen
2014-04-11,2014-04-25,Osterferien,DE-RP,Rheinland-Pfalz
2014-04-14,2014-04-26,Osterferien,DE-BE,Berlin
2014-04-14,2014-04-25,Osterferien,DE-BW,Baden-Württemberg
2014-04-14,2014-04-26,Osterferien,DE-BY,Bayern
2014-04-14,2014-04-26,Osterferien,DE-HE,Hessen
2014-04-14,2014-04-23,Osterferien,DE-MV,Mecklenburg-Vorpommern
2014-04-14,2014-04-26,Osterferien,DE-NW,Nordrhein-Westfalen
2014-04-14,2014-04-26,Osterferien,DE-SL,Saarland
2014-04-14,2014-04-17,Osterferien,DE-ST,Sachsen-Anhalt
2014-04-16,2014-04-26,Osterferien,DE-BB,Brandenburg
2014-04-16,2014-05-02,Osterferien,DE-SH,Schleswig-Holstein
2014-04-18,2014-04-26,Osterferien,DE-SN,Sachsen
2014-04-19,2014-05-02,Osterferien,DE-TH,Thüringen
2014-04-28,2014-05-02,Pfingstferien,DE-HH,Hamburg
2014-05-02,2014-05-02,Osterferien,DE-BB,Brandenburg
2014-05-02,2014-05-02,Osterferien,DE-BE,Berlin
2014-05-02,2014-05-02,Osterferien,DE-HB,Bremen
2014-05-02,2014-05-02,Osterferien,DE-NI,Niedersachsen
2014-05-30,2014-05-30,Pfingstferien,DE-BB,Brandenburg
2014-05-30,2014-05-30,Pfingstferien,DE-BE,Berlin
2014-05-30,2014-05-30,Pfingstferien,DE-HB,Bremen
2014-05-30,2014-05-30,Pfingstferien,DE-HH,Hamburg
2014-05-30,2014-05-30,Pfingstferien,DE-NI,Niedersachsen
2014-05-30,2014-05-30,Himmelfahrt,DE-SH,Schleswig-Holstein
2014-05-30,2014-05-30,Pfingstferien,DE-SN,Sachsen
2014-05-30,2014-06-07,Pfingstferien,DE-ST,Sachsen-Anhalt
2014-05-30,2014-05-30,Pfingstferien,DE-TH,Thüringen
2014-06-06,2014-06-10,Pfingstferien,DE-MV,Mecklenburg-Vorpommern
2014-06-10,2014-06-21,Pfingstferien,DE-BW,Baden-Württemberg
2014-06-10,2014-06-21,Pfingstferien,DE-BY,Bayern
2014-06-10,2014-06-10,Pfingstferien,DE-HB,Bremen
2014-06-10,2014-06-10,Pfingstferien,DE-NI,Niedersachsen
2014-06-10,2014-06-10,Pfingstferien,DE-NW,Nordrhein-Westfalen
2014-07-07,2014-08-19,Sommerferien,DE-NW,Nordrhein-Westfalen
2014-07-09,2014-08-22,Sommerferien,DE-BE,Berlin
2014-07-10,2014-08-22,Sommerferien,DE-BB,Brandenburg
2014-07-10,2014-08-20,Sommerferien,DE-HH,Hamburg
2014-07-14,2014-08-23,Sommerferien,DE-MV,Mecklenburg-Vorpommern
2014-07-14,2014-08-23,Sommerferien,DE-SH,Schleswig-Holstein
2014-07-14,2014-08-16,Sommerferien,DE-SH,Schleswig-Holstein
2014-07-21,2014-08-29,Sommerferien,DE-SN,Sachsen
2014-07-21,2014-09-03,Sommerferien,DE-ST,Sachsen-Anhalt
2014-07-21,2014-08-29,Sommerferien,DE-TH,Thüringen
2014-07-28,2014-09-05,Sommerferien,DE-HE,Hessen
2014-07-28,2014-09-05,Sommerferien,DE-RP,Rheinland-Pfalz
2014-07-28,2014-09-06,Sommerferien,DE-SL,Saarland
2014-07-30,2014-09-15,Sommerferien,DE-BY,Bayern
2014-07-31,2014-09-13,Sommerferien,DE-BW,Baden-Württemberg
2014-07-31,2014-09-10,Sommerferien,DE-HB,Bremen
2014-07-31,2014-09-10,Sommerferien,DE-NI,Niedersachsen
2014-10-06,2014-10-18,Herbstferien,DE-NW,Nordrhein-Westfalen
2014-10-06,2014-10-25,Herbstferien,DE-SH,Schleswig-Holstein
2014-10-06,2014-10-18,Herbstferien,DE-TH,Thüringen
2014-10-13,2014-10-24,Herbstferien,DE-HH,Hamburg
2014-10-13,2014-10-25,Herbstferien,DE-SH,Schleswig-Holstein
2014-10-20,2014-11-01,Herbstferien,DE-BB,Brandenburg
2014-10-20,2014-11-01,Herbstferien,DE-BE,Berlin
2014-10-20,2014-11-01,Herbstferien,DE-HE,Hessen
2014-10-20,2014-10-25,Herbstferien,DE-MV,Mecklenburg-Vorpommern
2014-10-20,2014-10-31,Herbstferien,DE-RP,Rheinland-Pfalz
2014-10-20,2014-10-31,Herbstferien,DE-SL,Saarland
2014-10-20,2014-10-31,Herbstferien,DE-SN,Sachsen
2014-10-27,2014-10-30,Herbstferien,DE-BW,Baden-Württemberg
2014-10-27,2014-10-31,Herbstferien,DE-BY,Bayern
2014-10-27,2014-11-08,Herbstferien,DE-HB,Bremen
2014-10-27,2014-11-08,Herbstferien,DE-NI,Niedersachsen
2014-10-27,2014-10-30,Herbstferien,DE-ST,Sachsen-Anhalt
2014-11-19,2014-11-19,Herbstferien,DE-BY,Bayern
2014-12-22,2015-01-02,Weihnachtsferien,DE-BB,Brandenburg
2014-12-22,2015-01-02,Weihnachtsferien,DE-BE,Berlin
2014-12-22,2015-01-05,Weihnachtsferien,DE-BW,Baden-Württemberg
2014-12-22,2015-01-05,Weihnachtsferien,DE-HB,Bremen
2014-12-22,2015-01-10,Weihnachtsferien,DE-HE,Hessen
2014-12-22,2015-01-06,Weihnachtsferien,DE-HH,Hamburg
2014-12-22,2015-01-02,Weihnachtsferien,DE-MV,Mecklenburg-Vorpommern
2014-12-22,2015-01-05,Weihnachtsferien,DE-NI,Niedersachsen
2014-12-22,2015-01-06,Weihnachtsferien,DE-NW,Nordrhein-Westfalen
2014-12-22,2015-01-07,Weihnachtsferien,DE-RP,Rheinland-Pfalz
2014-12-22,2015-01-06,Weihnachtsferien,DE-SH,Schleswig-Holstein
2014-12-22,2015-01-07,Weihnachtsferien,DE-SL,Saarland
2014-12-22,2015-01-03,Weihnachtsferien,DE-SN,Sachsen
2014-12-22,2015-01-05,Weihnachtsferien,DE-ST,Sachsen-Anhalt
2014-12-22,2015-01-03,Weihnachtsferien,DE-TH,Thüringen
2014-12-24,2015-01-05,Weihnachtsferien,DE-BY,Bayern
2015-01-30,2015-01-30,Winterferien,DE-HH,Hamburg
2015-02-02,2015-02-07,Winterferien,DE-BB,Brandenburg
2015-02-02,2015-02-07,Winterferien,DE-BE,Berlin
2015-02-02,2015-02-03,Winterferien,DE-HB,Bremen
2015-02-02,2015-02-14,Winterferien,DE-MV,Mecklenburg-Vorpommern
2015-02-02,2015-02-03,Winterferien,DE-NI,Niedersachsen
2015-02-02,2015-02-14,Winterferien,DE-ST,Sachsen-Anhalt
2015-02-02,2015-02-07,Winterferien,DE-TH,Thüringen
2015-02-09,2015-02-21,Winterferien,DE-SN,Sachsen
2015-02-16,2015-02-20,Winterferien,DE-BY,Bayern
2015-02-16,2015-02-21,Winterferien,DE-SL,Saarland
2015-03-02,2015-03-13,Osterferien,DE-HH,Hamburg
2015-03-25,2015-04-10,Osterferien,DE-HB,Bremen
2015-03-25,2015-04-10,Osterferien,DE-NI,Niedersachsen
2015-03-26,2015-04-10,Osterferien,DE-RP,Rheinland-Pfalz
2015-03-30,2015-04-11,Osterferien,DE-BE,Berlin
2015-03-30,2015-04-10,Osterferien,DE-BW,Baden-Württemberg
2015-03-30,2015-04-11,Osterferien,DE-BY,Bayern
2015-03-30,2015-04-11,Osterferien,DE-HE,Hessen
2015-03-30,2015-04-08,Osterferien,DE-MV,Mecklenburg-Vorpommern
2015-03-30,2015-04-11,Osterferien,DE-NW,Nordrhein-Westfalen
2015-03-30,2015-04-11,Osterferien,DE-SL,Saarland
2015-03-30,2015-04-11,Osterferien,DE-TH,Thüringen
2015-04-01,2015-04-11,Osterferien,DE-BB,Brandenburg
2015-04-01,2015-04-17,Osterferien,DE-SH,Schleswig-Holstein
2015-04-02,2015-04-11,Osterferien,DE-SN,Sachsen
2015-04-02,2015-04-02,Osterferien,DE-ST,Sachsen-Anhalt
2015-05-11,2015-05-15,Pfingstferien,DE-HH,Hamburg
2015-05-15,2015-05-15,Pfingstferien,DE-BB,Brandenburg
2015-05-15,2015-05-15,Pfingstferien,DE-BE,Berlin
2015-05-15,2015-05-15,Pfingstferien,DE-HB,Bremen
2015-05-15,2015-05-15,Pfingstferien,DE-NI,Niedersachsen
2015-05-15,2015-05-15,Himmelfahrt,DE-SH,Schleswig-Holstein
2015-05-15,2015-05-15,Pfingstferien,DE-SN,Sachsen
2015-05-15,2015-05-23,Pfingstferien,DE-ST,Sachsen-Anhalt
2015-05-15,2015-05-15,Pfingstferien,DE-TH,Thüringen
2015-05-22,2015-05-26,Pfingstferien,DE-MV,Mecklenburg-Vorpommern
2015-05-26,2015-05-26,Pfingstferien,DE-BE,Berlin
2015-05-26,2015-06-06,Pfingstferien,DE-BW,Baden-Württemberg
2015-05-26,2015-06-05,Pfingstferien,DE-BY,Bayern
2015-05-26,2015-05-26,Pfingstferien,DE-HB,Bremen
2015-05-26,2015-05-26,Pfingstferien,DE-NI,Niedersachsen
2015-05-26,2015-05-26,Pfingstferien,DE-NW,Nordrhein-Westfalen
2015-06-29,2015-08-11,Sommerferien,DE-NW,Nordrhein-Westfalen
2015-07-13,2015-08-21,Sommerferien,DE-SN,Sachsen
2015-07-13,2015-08-26,Sommerferien,DE-ST,Sachsen-Anhalt
2015-07-13,2015-08-21,Sommerferien,DE-TH,Thüringen
2015-07-16,2015-08-28,Sommerferien,DE-BB,Brandenburg
2015-07-16,2015-08-28,Sommerferien,DE-BE,Berlin
2015-07-16,2015-08-26,Sommerferien,DE-HH,Hamburg
2015-07-20,2015-08-29,Sommerferien,DE-MV,Mecklenburg-Vorpommern
2015-07-20,2015-08-22,Sommerferien,DE-SH,Schleswig-Holstein
2015-07-20,2015-08-29,Sommerferien,DE-SH,Schleswig-Holstein
2015-07-23,2015-09-02,Sommerferien,DE-HB,Bremen
2015-07-23,2015-09-02,Sommerferien,DE-NI,Niedersachsen
2015-07-27,2015-09-04,Sommerferien,DE-HE,Hessen
2015-07-27,2015-09-04,Sommerferien,DE-RP,Rheinland-Pfalz
2015-07-27,2015-09-05,Sommerferien,DE-SL,Saarland
2015-07-30,2015-09-12,Sommerferien,DE-BW,Baden-Württemberg
2015-08-01,2015-09-14,Sommerferien,DE-BY,Bayern
2015-10-05,2015-10-17,Herbstferien,DE-NW,Nordrhein-Westfalen
2015-10-05,2015-10-17,Herbstferien,DE-TH,Thüringen
2015-10-12,2015-10-31,Herbstferien,DE-SH,Schleswig-Holstein
2015-10-12,2015-10-24,Herbstferien,DE-SN,Sachsen
2015-10-17,2015-10-24,Herbstferien,DE-ST,Sachsen-Anhalt
2015-10-19,2015-10-30,Herbstferien,DE-BB,Brandenburg
2015-10-19,2015-10-31,Herbstferien,DE-BE,Berlin
2015-10-19,2015-10-31,Herbstferien,DE-HB,Bremen
2015-10-19,2015-10-31,Herbstferien,DE-HE,Hessen
2015-10-19,2015-10-30,Herbstferien,DE-HH,Hamburg
2015-10-19,2015-10-31,Herbstferien,DE-NI,Niedersachsen
2015-10-19,2015-10-30,Herbstferien,DE-RP,Rheinland-Pfalz
2015-10-19,2015-10-31,Herbstferien,DE-SH,Schleswig-Holstein
2015-10-19,2015-10-31,Herbstferien,DE-SL,Saarland
2015-10-24,2015-10-30,Herbstferien,DE-MV,Mecklenburg-Vorpommern
2015-10-31,2015-10-31,Herbstferien,DE-BW,Baden-Württemberg
2015-11-02,2015-11-06,Herbstferien,DE-BW,Baden-Württemberg
2015-11-02,2015-11-07,Herbstferien,DE-BY,Bayern
2015-11-18,2015-11-18,Herbstferien,DE-BY,Bayern
2015-12-21,2016-01-01,Weihnachtsferien,DE-HH,Hamburg
2015-12-21,2016-01-02,Weihnachtsferien,DE-MV,Mecklenburg-Vorpommern
2015-12-21,2016-01-06,Weihnachtsferien,DE-SH,Schleswig-Holstein
2015-12-21,2016-01-02,Weihnachtsferien,DE-SL,Saarland
2015-12-21,2016-01-02,Weihnachtsferien,DE-SN,Sachsen
2015-12-21,2016-01-05,Weihnachtsferien,DE-ST,Sachsen-Anhalt
2015-12-23,2016-01-02,Weihnachtsferien,DE-BB,Brandenburg
2015-12-23,2016-01-02,Weihnachtsferien,DE-BE,Berlin
2015-12-23,2016-01-09,Weihnachtsferien,DE-BW,Baden-Württemberg
2015-12-23,2016-01-06,Weihnachtsferien,DE-HB,Bremen
2015-12-23,2016-01-09,Weihnachtsferien,DE-HE,Hessen
2015-12-23,2016-01-06,Weihnachtsferien,DE-NI,Niedersachsen
2015-12-23,2016-01-06,Weihnachtsferien,DE-NW,Nordrhein-Westfalen
2015-12-23,2016-01-08,Weihnachtsferien,DE-RP,Rheinland-Pfalz
2015-12-23,2016-01-02,Weihnachtsferien,DE-TH,Thüringen
2015-12-24,2016-01-05,Weihnachtsferien,DE-BY,Bayern
2016-01-28,2016-01-29,Winterferien,DE-HB,Bremen
2016-01-28,2016-01-29,Winterferien,DE-NI,Niedersachsen
2016-01-29,2016-01-29,Winterferien,DE-HH,Hamburg
2016-02-01,2016-02-06,Winterferien,DE-BB,Brandenburg
2016-02-01,2016-02-06,Winterferien,DE-BE,Berlin
2016-02-01,2016-02-13,Winterferien,DE-MV,Mecklenburg-Vorpommern
2016-02-01,2016-02-10,Winterferien,DE-ST,Sachsen-Anhalt
2016-02-01,2016-02-06,Winterferien,DE-TH,Thüringen
2016-02-08,2016-02-12,Winterferien,DE-BY,Bayern
2016-02-08,2016-02-13,Winterferien,DE-SL,Saarland
2016-02-08,2016-02-20,Winterferien,DE-SN,Sachsen
2016-03-07,2016-03-18,Osterferien,DE-HH,Hamburg
2016-03-18,2016-04-02,Osterferien,DE-HB,Bremen
2016-03-18,2016-04-02,Osterferien,DE-NI,Niedersachsen
2016-03-18,2016-04-01,Osterferien,DE-RP,Rheinland-Pfalz
2016-03-21,2016-04-02,Osterferien,DE-BE,Berlin
2016-03-21,2016-04-01,Osterferien,DE-BY,Bayern
2016-03-21,2016-03-30,Osterferien,DE-MV,Mecklenburg-Vorpommern
2016-03-21,2016-04-02,Osterferien,DE-NW,Nordrhein-Westfalen
2016-03-23,2016-04-02,Osterferien,DE-BB,Brandenburg
2016-03-24,2016-03-24,Osterferien,DE-BW,Baden-Württemberg
2016-03-24,2016-04-09,Osterferien,DE-SH,Schleswig-Holstein
2016-03-24,2016-03-24,Osterferien,DE-ST,Sachsen-Anhalt
2016-03-24,2016-04-02,Osterferien,DE-TH,Thüringen
2016-03-25,2016-04-02,Osterferien,DE-SN,Sachsen
2016-03-29,2016-04-02,Osterferien,DE-BW,Baden-Württemberg
2016-03-29,2016-04-09,Osterferien,DE-HE,Hessen
2016-03-29,2016-04-09,Osterferien,DE-SL,Saarland
2016-05-06,2016-05-06,Pfingstferien,DE-BB,Brandenburg
2016-05-06,2016-05-06,Pfingstferien,DE-BE,Berlin
2016-05-06,2016-05-06,Pfingstferien,DE-HB,Bremen
2016-05-06,2016-05-06,Pfingstferien,DE-HH,Hamburg
2016-05-06,2016-05-06,Pfingstferien,DE-NI,Niedersachsen
2016-05-06,2016-05-06,Himmelfahrt,DE-SH,Schleswig-Holstein
2016-05-06,2016-05-06,Pfingstferien,DE-SN,Sachsen
2016-05-06,2016-05-14,Pfingstferien,DE-ST,Sachsen-Anhalt
2016-05-06,2016-05-06,Pfingstferien,DE-TH,Thüringen
2016-05-14,2016-05-17,Pfingstferien,DE-MV,Mecklenburg-Vorpommern
2016-05-17,2016-05-17,Pfingstferien,DE-BB,Brandenburg
2016-05-17,2016-05-18,Pfingstferien,DE-BE,Berlin
2016-05-17,2016-05-28,Pfingstferien,DE-BW,Baden-Württemberg
2016-05-17,2016-05-28,Pfingstferien,DE-BY,Bayern
2016-05-17,2016-05-17,Pfingstferien,DE-HB,Bremen
2016-05-17,2016-05-20,Pfingstferien,DE-HH,Hamburg
2016-05-17,2016-05-17,Pfingstferien,DE-NI,Niedersachsen
2016-05-17,2016-05-17,Pfingstferien,DE-NW,Nordrhein-Westfalen
2016-06-23,2016-08-03,Sommerferien,DE-HB,Bremen
2016-06-23,2016-08-03,Sommerferien,DE-NI,Niedersachsen
2016-06-27,2016-08-05,Sommerferien,DE-SN,Sachsen
2016-06-27,2016-08-10,Sommerferien,DE-ST,Sachsen-Anhalt
2016-06-27,2016-08-10,Sommerferien,DE-TH,Thüringen
2016-07-11,2016-08-23,Sommerferien,DE-NW,Nordrhein-Westfalen
2016-07-18,2016-08-26,Sommerferien,DE-HE,Hessen
2016-07-18,2016-08-26,Sommerferien,DE-RP,Rheinland-Pfalz
2016-07-18,2016-08-27,Sommerferien,DE-SL,Saarland
2016-07-21,2016-09-03,Sommerferien,DE-BB,Brandenburg
2016-07-21,2016-09-02,Sommerferien,DE-BE,Berlin
2016-07-21,2016-08-31,Sommerferien,DE-HH,Hamburg
2016-07-25,2016-09-03,Sommerferien,DE-MV,Mecklenburg-Vorpommern
2016-07-25,2016-08-27,Sommerferien,DE-SH,Schleswig-Holstein
2016-07-25,2016-09-03,Sommerferien,DE-SH,Schleswig-Holstein
2016-07-28,2016-09-10,Sommerferien,DE-BW,Baden-Württemberg
2016-07-30,2016-09-12,Sommerferien,DE-BY,Bayern
2016-10-03,2016-10-15,Herbstferien,DE-SN,Sachsen
2016-10-04,2016-10-15,Herbstferien,DE-HB,Bremen
2016-10-04,2016-10-15,Herbstferien,DE-NI,Niedersachsen
2016-10-04,2016-10-15,Herbstferien,DE-ST,Sachsen-Anhalt
2016-10-10,2016-10-21,Herbstferien,DE-NW,Nordrhein-Westfalen
2016-10-10,2016-10-21,Herbstferien,DE-RP,Rheinland-Pfalz
2016-10-10,2016-10-29,Herbstferien,DE-SH,Schleswig-Holstein
2016-10-10,2016-10-22,Herbstferien,DE-SL,Saarland
2016-10-10,2016-10-22,Herbstferien,DE-TH,Thüringen
2016-10-17,2016-10-28,Herbstferien,DE-BB,Brandenburg
2016-10-17,2016-10-28,Herbstferien,DE-BE,Berlin
2016-10-17,2016-10-29,Herbstferien,DE-HE,Hessen
2016-10-17,2016-10-28,Herbstferien,DE-HH,Hamburg
2016-10-17,2016-10-29,Herbstferien,DE-SH,Schleswig-Holstein
2016-10-24,2016-10-28,Herbstferien,DE-MV,Mecklenburg-Vorpommern
2016-10-31,2016-10-31,Herbstferien,DE-BW,Baden-Württemberg
2016-10-31,2016-11-04,Herbstferien,DE-BY,Bayern
2016-11-02,2016-11-04,Herbstferien,DE-BW,Baden-Württemberg
2016-11-16,2016-11-16,Herbstferien,DE-BY,Bayern
2016-12-19,2016-12-31,Weihnachtsferien,DE-SL,Saarland
2016-12-19,2017-01-02,Weihnachtsferien,DE-ST,Sachsen-Anhalt
2016-12-21,2017-01-06,Weihnachtsferien,DE-HB,Bremen
2016-12-21,2017-01-06,Weihnachtsferien,DE-NI,Niedersachsen
2016-12-22,2017-01-07,Weihnachtsferien,DE-HE,Hessen
2016-12-22,2017-01-02,Weihnachtsferien,DE-MV,Mecklenburg-Vorpommern
2016-12-22,2017-01-06,Weihnachtsferien,DE-RP,Rheinland-Pfalz
2016-12-23,2017-01-03,Weihnachtsferien,DE-BB,Brandenburg
2016-12-23,2017-01-03,Weihnachtsferien,DE-BE,Berlin
2016-12-23,2017-01-07,Weihnachtsferien,DE-BW,Baden-Württemberg
2016-12-23,2017-01-06,Weihnachtsferien,DE-NW,Nordrhein-Westfalen
2016-12-23,2017-01-06,Weihnachtsferien,DE-SH,Schleswig-Holstein
2016-12-23,2017-01-02,Weihnachtsferien,DE-SN,Sachsen
2016-12-23,2016-12-31,Weihnachtsferien,DE-TH,Thüringen
2016-12-24,2017-01-05,Weihnachtsferien,DE-BY,Bayern
2016-12-27,2017-01-06,Weihnachtsferien,DE-HH,Hamburg
2017-01-30,2017-02-04,Winterferien,DE-BB,Brandenburg
2017-01-30,2017-02-03,Winterferien,DE-BE,Berlin
2017-01-30,2017-01-31,Winterferien,DE-HB,Bremen
2017-01-30,2017-01-30,Winterferien,DE-HH,Hamburg
2017-01-30,2017-01-31,Winterferien,DE-NI,Niedersachsen
2017-02-04,2017-02-11,Winterferien,DE-ST,Sachsen-Anhalt
2017-02-06,2017-02-18,Winterferien,DE-MV,Mecklenburg-Vorpommern
2017-02-06,2017-02-11,Winterferien,DE-TH,Thüringen
2017-02-13,2017-02-24,Winterferien,DE-SN,Sachsen
2017-02-27,2017-03-03,Winterferien,DE-BY,Bayern
2017-02-27,2017-03-04,Winterferien,DE-SL,Saarland
2017-03-06,2017-03-17,Osterferien,DE-HH,Hamburg
2017-04-03,2017-04-15,Osterferien,DE-HE,Hessen
2017-04-07,2017-04-21,Osterferien,DE-SH,Schleswig-Holstein
2017-04-10,2017-04-22,Osterferien,DE-BB,Brandenburg
2017-04-10,2017-04-18,Osterferien,DE-BE,Berlin
2017-04-10,2017-04-21,Osterferien,DE-BW,Baden-Württemberg
2017-04-10,2017-04-22,Osterferien,DE-BY,Bayern
2017-04-10,2017-04-22,Osterferien,DE-HB,Bremen
2017-04-10,2017-04-19,Osterferien,DE-MV,Mecklenburg-Vorpommern
2017-04-10,2017-04-22,Osterferien,DE-NI,Niedersachsen
2017-04-10,2017-04-22,Osterferien,DE-NW,Nordrhein-Westfalen
2017-04-10,2017-04-21,Osterferien,DE-RP,Rheinland-Pfalz
2017-04-10,2017-04-22,Osterferien,DE-SL,Saarland
2017-04-10,2017-04-13,Osterferien,DE-ST,Sachsen-Anhalt
2017-04-10,2017-04-21,Osterferien,DE-TH,Thüringen
2017-04-13,2017-04-22,Osterferien,DE-SN,Sachsen
2017-05-22,2017-05-26,Pfingstferien,DE-HH,Hamburg
2017-05-24,2017-05-24,Pfingstferien,DE-BE,Berlin
2017-05-26,2017-05-26,Pfingstferien,DE-BB,Brandenburg
2017-05-26,2017-05-26,Pfingstferien,DE-BE,Berlin
2017-05-26,2017-05-26,Pfingstferien,DE-HB,Bremen
2017-05-26,2017-05-26,Pfingstferien,DE-NI,Niedersachsen
2017-05-26,2017-05-26,Himmelfahrt,DE-SH,Schleswig-Holstein
2017-05-26,2017-05-26,Pfingstferien,DE-SN,Sachsen
2017-05-26,2017-05-26,Pfingstferien,DE-ST,Sachsen-Anhalt
2017-05-26,2017-05-26,Pfingstferien,DE-TH,Thüringen
2017-06-02,2017-06-06,Pfingstferien,DE-MV,Mecklenburg-Vorpommern
2017-06-06,2017-06-09,Pfingstferien,DE-BE,Berlin
2017-06-06,2017-06-16,Pfingstferien,DE-BW,Baden-Württemberg
2017-06-06,2017-06-16,Pfingstferien,DE-BY,Bayern
2017-06-06,2017-06-06,Pfingstferien,DE-HB,Bremen
2017-06-06,2017-06-06,Pfingstferien,DE-NI,Niedersachsen
2017-06-06,2017-06-06,Pfingstferien,DE-NW,Nordrhein-Westfalen
2017-06-22,2017-08-02,Sommerferien,DE-HB,Bremen
2017-06-22,2017-08-02,Sommerferien,DE-NI,Niedersachsen
2017-06-26,2017-08-04,Sommerferien,DE-SN,Sachsen
2017-06-26,2017-08-09,Sommerferien,DE-ST,Sachsen-Anhalt
2017-06-26,2017-08-09,Sommerferien,DE-TH,Thüringen
2017-07-03,2017-08-11,Sommerferien,DE-HE,Hessen
2017-07-03,2017-08-11,Sommerferien,DE-RP,Rheinland-Pfalz
2017-07-03,2017-08-14,Sommerferien,DE-SL,Saarland
2017-07-17,2017-08-29,Sommerferien,DE-NW,Nordrhein-Westfalen
2017-07-20,2017-09-01,Sommerferien,DE-BB,Brandenburg
2017-07-20,2017-09-01,Sommerferien,DE-BE,Berlin
2017-07-20,2017-08-30,Sommerferien,DE-HH,Hamburg
2017-07-24,2017-09-02,Sommerferien,DE-MV,Mecklenburg-Vorpommern
2017-07-24,2017-09-02,Sommerferien,DE-SH,Schleswig-Holstein
2017-07-24,2017-08-26,Sommerferien,DE-SH,Schleswig-Holstein
2017-07-27,2017-09-09,Sommerferien,DE-BW,Baden-Württemberg
2017-07-29,2017-09-11,Sommerferien,DE-BY,Bayern
2017-10-02,2017-10-02,Herbstferien,DE-BB,Brandenburg
2017-10-02,2017-10-02,Herbstferien,DE-BE,Berlin
2017-10-02,2017-10-14,Herbstferien,DE-HB,Bremen
2017-10-02,2017-10-02,Herbstferien,DE-HH,Hamburg
2017-10-02,2017-10-02,Herbstferien,DE-MV,Mecklenburg-Vorpommern
2017-10-02,2017-10-13,Herbstferien,DE-NI,Niedersachsen
2017-10-02,2017-10-13,Herbstferien,DE-RP,Rheinland-Pfalz
2017-10-02,2017-10-14,Herbstferien,DE-SL,Saarland
2017-10-02,2017-10-14,Herbstferien,DE-SN,Sachsen
2017-10-02,2017-10-13,Herbstferien,DE-ST,Sachsen-Anhalt
2017-10-02,2017-10-14,Herbstferien,DE-TH,Thüringen
2017-10-09,2017-10-21,Herbstferien,DE-HE,Hessen
2017-10-09,2017-10-27,Herbstferien,DE-SH,Schleswig-Holstein
2017-10-16,2017-10-27,Herbstferien,DE-HH,Hamburg
2017-10-16,2017-10-27,Herbstferien,DE-SH,Schleswig-Holstein
2017-10-23,2017-11-04,Herbstferien,DE-BB,Brandenburg
2017-10-23,2017-11-04,Herbstferien,DE-BE,Berlin
2017-10-23,2017-10-30,Herbstferien,DE-MV,Mecklenburg-Vorpommern
2017-10-23,2017-11-04,Herbstferien,DE-NW,Nordrhein-Westfalen
2017-10-30,2017-11-03,Herbstferien,DE-BW,Baden-Württemberg
2017-10-30,2017-11-03,Herbstferien,DE-BY,Bayern
2017-10-30,2017-10-30,Herbstferien,DE-HB,Bremen
2017-10-30,2017-10-30,Herbstferien,DE-NI,Niedersachsen
2017-10-30,2017-10-30,Herbstferien,DE-SN,Sachsen
2017-10-30,2017-10-30,Herbstferien,DE-ST,Sachsen-Anhalt
2017-11-22,2017-11-22,Herbstferien,DE-BY,Bayern
2017-12-21,2018-01-02,Weihnachtsferien,DE-BB,Brandenburg
2017-12-21,2018-01-02,Weihnachtsferien,DE-BE,Berlin
2017-12-21,2018-01-03,Weihnachtsferien,DE-MV,Mecklenburg-Vorpommern
2017-12-21,2018-01-06,Weihnachtsferien,DE-SH,Schleswig-Holstein
2017-12-21,2018-01-05,Weihnachtsferien,DE-SL,Saarland
2017-12-21,2018-01-03,Weihnachtsferien,DE-ST,Sachsen-Anhalt
2017-12-22,2018-01-05,Weihnachtsferien,DE-BW,Baden-Württemberg
2017-12-22,2018-01-06,Weihnachtsferien,DE-HB,Bremen
2017-12-22,2018-01-05,Weihnachtsferien,DE-HH,Hamburg
2017-12-22,2018-01-05,Weihnachtsferien,DE-NI,Niedersachsen
2017-12-22,2018-01-09,Weihnachtsferien,DE-RP,Rheinland-Pfalz
2017-12-22,2018-01-05,Weihnachtsferien,DE-TH,Thüringen
2017-12-23,2018-01-05,Weihnachtsferien,DE-BY,Bayern
2017-12-23,2018-01-02,Weihnachtsferien,DE-SN,Sachsen
2017-12-24,2018-01-13,Weihnachtsferien,DE-HE,Hessen
2017-12-27,2018-01-06,Weihnachtsferien,DE-NW,Nordrhein-Westfalen
2018-02-01,2018-02-02,Winterferien,DE-HB,Bremen
2018-02-01,2018-02-02,Winterferien,DE-NI,Niedersachsen
2018-02-02,2018-02-02,Winterferien,DE-HH,Hamburg
2018-02-05,2018-02-10,Winterferien,DE-BB,Brandenburg
2018-02-05,2018-02-10,Winterferien,DE-BE,Berlin
2018-02-05,2018-02-16,Winterferien,DE-MV,Mecklenburg-Vorpommern
2018-02-05,2018-02-09,Winterferien,DE-ST,Sachsen-Anhalt
2018-02-05,2018-02-09,Winterferien,DE-TH,Thüringen
2018-02-12,2018-02-16,Winterferien,DE-BY,Bayern
2018-02-12,2018-02-17,Winterferien,DE-SL,Saarland
2018-02-12,2018-02-23,Winterferien,DE-SN,Sachsen
2018-03-05,2018-03-16,Osterferien,DE-HH,Hamburg
2018-03-19,2018-04-03,Osterferien,DE-HB,Bremen
2018-03-19,2018-04-03,Osterferien,DE-NI,Niedersachsen
2018-03-26,2018-04-06,Osterferien,DE-BB,Brandenburg
2018-03-26,2018-04-06,Osterferien,DE-BE,Berlin
2018-03-26,2018-04-06,Osterferien,DE-BW,Baden-Württemberg
2018-03-26,2018-04-07,Osterferien,DE-BY,Bayern
2018-03-26,2018-04-07,Osterferien,DE-HE,Hessen
2018-03-26,2018-04-04,Osterferien,DE-MV,Mecklenburg-Vorpommern
2018-03-26,2018-04-07,Osterferien,DE-NW,Nordrhein-Westfalen
2018-03-26,2018-04-06,Osterferien,DE-RP,Rheinland-Pfalz
2018-03-26,2018-04-06,Osterferien,DE-SL,Saarland
2018-03-26,2018-03-31,Osterferien,DE-ST,Sachsen-Anhalt
2018-03-26,2018-04-07,Osterferien,DE-TH,Thüringen
2018-03-29,2018-04-13,Osterferien,DE-SH,Schleswig-Holstein
2018-03-29,2018-04-06,Osterferien,DE-SN,Sachsen
2018-04-30,2018-04-30,Pfingstferien,DE-BB,Brandenburg
2018-04-30,2018-04-30,Pfingstferien,DE-BE,Berlin
2018-04-30,2018-04-30,Pfingstferien,DE-HB,Bremen
2018-04-30,2018-04-30,Osterferien,DE-HH,Hamburg
2018-04-30,2018-04-30,Pfingstferien,DE-NI,Niedersachsen
2018-04-30,2018-04-30,Osterferien,DE-ST,Sachsen-Anhalt
2018-05-07,2018-05-11,Pfingstferien,DE-HH,Hamburg
2018-05-11,2018-05-11,Pfingstferien,DE-BB,Brandenburg
2018-05-11,2018-05-11,Pfingstferien,DE-BE,Berlin
2018-05-11,2018-05-11,Pfingstferien,DE-HB,Bremen
2018-05-11,2018-05-11,Pfingstferien,DE-MV,Mecklenburg-Vorpommern
2018-05-11,2018-05-11,Pfingstferien,DE-NI,Niedersachsen
2018-05-11,2018-05-11,Himmelfahrt,DE-SH,Schleswig-Holstein
2018-05-11,2018-05-11,Pfingstferien,DE-SN,Sachsen
2018-05-11,2018-05-19,Pfingstferien,DE-ST,Sachsen-Anhalt
2018-05-11,2018-05-11,Pfingstferien,DE-TH,Thüringen
2018-05-18,2018-05-22,Pfingstferien,DE-MV,Mecklenburg-Vorpommern
2018-05-19,2018-05-22,Pfingstferien,DE-SN,Sachsen
2018-05-22,2018-05-22,Pfingstferien,DE-BE,Berlin
2018-05-22,2018-06-02,Pfingstferien,DE-BW,Baden-Württemberg
2018-05-22,2018-06-02,Pfingstferien,DE-BY,Bayern
2018-05-22,2018-05-22,Pfingstferien,DE-HB,Bremen
2018-05-22,2018-05-22,Pfingstferien,DE-NI,Niedersachsen
2018-05-22,2018-05-25,Pfingstferien,DE-NW,Nordrhein-Westfalen
2018-06-25,2018-08-03,Sommerferien,DE-HE,Hessen
2018-06-25,2018-08-03,Sommerferien,DE-RP,Rheinland-Pfalz
2018-06-25,2018-08-03,Sommerferien,DE-SL,Saarland
2018-06-28,2018-08-08,Sommerferien,DE-HB,Bremen
2018-06-28,2018-08-08,Sommerferien,DE-NI,Niedersachsen
2018-06-28,2018-08-08,Sommerferien,DE-ST,Sachsen-Anhalt
2018-07-02,2018-08-10,Sommerferien,DE-SN,Sachsen
2018-07-02,2018-08-11,Sommerferien,DE-TH,Thüringen
2018-07-05,2018-08-18,Sommerferien,DE-BB,Brandenburg
2018-07-05,2018-08-17,Sommerferien,DE-BE,Berlin
2018-07-05,2018-08-15,Sommerferien,DE-HH,Hamburg
2018-07-09,2018-08-18,Sommerferien,DE-MV,Mecklenburg-Vorpommern
2018-07-09,2018-08-18,Sommerferien,DE-SH,Schleswig-Holstein
2018-07-09,2018-08-11,Sommerferien,DE-SH,Schleswig-Holstein
2018-07-16,2018-08-28,Sommerferien,DE-NW,Nordrhein-Westfalen
2018-07-26,2018-09-08,Sommerferien,DE-BW,Baden-Württemberg
2018-07-30,2018-09-10,Sommerferien,DE-BY,Bayern
2018-09-24,2018-10-19,Herbstferien,DE-SH,Schleswig-Holstein
2018-10-01,2018-10-13,Herbstferien,DE-HB,Bremen
2018-10-01,2018-10-13,Herbstferien,DE-HE,Hessen
2018-10-01,2018-10-12,Herbstferien,DE-HH,Hamburg
2018-10-01,2018-10-12,Herbstferien,DE-NI,Niedersachsen
2018-10-01,2018-10-12,Herbstferien,DE-RP,Rheinland-Pfalz
2018-10-01,2018-10-19,Herbstferien,DE-SH,Schleswig-Holstein
2018-10-01,2018-10-12,Herbstferien,DE-SL,Saarland
2018-10-01,2018-10-12,Herbstferien,DE-ST,Sachsen-Anhalt
2018-10-01,2018-10-13,Herbstferien,DE-TH,Thüringen
2018-10-08,2018-10-13,Herbstferien,DE-MV,Mecklenburg-Vorpommern
2018-10-08,2018-10-20,Herbstferien,DE-SN,Sachsen
2018-10-15,2018-10-27,Herbstferien,DE-NW,Nordrhein-Westfalen
2018-10-22,2018-11-02,Herbstferien,DE-BB,Brandenburg
2018-10-22,2018-11-02,Herbstferien,DE-BE,Berlin
2018-10-29,2018-11-02,Herbstferien,DE-BW,Baden-Württemberg
2018-10-29,2018-11-02,Herbstferien,DE-BY,Bayern
2018-11-01,2018-11-02,Herbstferien,DE-MV,Mecklenburg-Vorpommern
2018-11-21,2018-11-21,Herbstferien,DE-BY,Bayern
2018-12-19,2019-01-04,Weihnachtsferien,DE-ST,Sachsen-Anhalt
2018-12-20,2019-01-04,Weihnachtsferien,DE-HH,Hamburg
2018-12-20,2019-01-04,Weihnachtsferien,DE-RP,Rheinland-Pfalz
2018-12-20,2019-01-04,Weihnachtsferien,DE-SL,Saarland
2018-12-21,2019-01-05,Weihnachtsferien,DE-BB,Brandenburg
2018-12-21,2019-01-04,Weihnachtsferien,DE-NW,Nordrhein-Westfalen
2018-12-21,2019-01-04,Weihnachtsferien,DE-SH,Schleswig-Holstein
2018-12-21,2019-01-04,Weihnachtsferien,DE-TH,Thüringen
2018-12-22,2019-01-05,Weihnachtsferien,DE-BE,Berlin
2018-12-22,2019-01-05,Weihnachtsferien,DE-BY,Bayern
2018-12-22,2019-01-04,Weihnachtsferien,DE-SN,Sachsen
2018-12-24,2019-01-05,Weihnachtsferien,DE-BW,Baden-Württemberg
2018-12-24,2019-01-04,Weihnachtsferien,DE-HB,Bremen
2018-12-24,2019-01-12,Weihnachtsferien,DE-HE,Hessen
2018-12-24,2019-01-05,Weihnachtsferien,DE-MV,Mecklenburg-Vorpommern
2018-12-24,2019-01-04,Weihnachtsferien,DE-NI,Niedersachsen
2019-01-31,2019-02-01,Winterferien,DE-HB,Bremen
2019-01-31,2019-02-01,Winterferien,DE-NI,Niedersachsen
2019-02-01,2019-02-01,Winterferien,DE-HH,Hamburg
2019-02-04,2019-02-09,Winterferien,DE-BB,Brandenburg
2019-02-04,2019-02-09,Winterferien,DE-BE,Berlin
2019-02-04,2019-02-15,Winterferien,DE-MV,Mecklenburg-Vorpommern
2019-02-11,2019-02-15,Winterferien,DE-ST,Sachsen-Anhalt
2019-02-11,2019-02-15,Winterferien,DE-TH,Thüringen
2019-02-18,2019-03-02,Winterferien,DE-SN,Sachsen
2019-02-25,2019-03-01,Winterferien,DE-RP,Rheinland-Pfalz
2019-02-25,2019-03-05,Winterferien,DE-SL,Saarland
2019-03-04,2019-03-08,Winterferien,DE-BY,Bayern
2019-03-04,2019-03-15,Osterferien,DE-HH,Hamburg
2019-04-04,2019-04-18,Osterferien,DE-SH,Schleswig-Holstein
2019-04-06,2019-04-23,Osterferien,DE-HB,Bremen
2019-04-08,2019-04-23,Osterferien,DE-NI,Niedersachsen
2019-04-14,2019-04-27,Osterferien,DE-HE,Hessen
2019-04-15,2019-04-26,Osterferien,DE-BB,Brandenburg
2019-04-15,2019-04-26,Osterferien,DE-BE,Berlin
2019-04-15,2019-04-27,Osterferien,DE-BW,Baden-Württemberg
2019-04-15,2019-04-27,Osterferien,DE-BY,Bayern
2019-04-15,2019-04-24,Osterferien,DE-MV,Mecklenburg-Vorpommern
2019-04-15,2019-04-27,Osterferien,DE-NW,Nordrhein-Westfalen
2019-04-15,2019-04-27,Osterferien,DE-TH,Thüringen
2019-04-17,2019-04-26,Osterferien,DE-SL,Saarland
2019-04-18,2019-04-30,Osterferien,DE-ST,Sachsen-Anhalt
2019-04-19,2019-04-26,Osterferien,DE-SN,Sachsen
2019-04-23,2019-04-30,Osterferien,DE-RP,Rheinland-Pfalz
2019-05-13,2019-05-17,Pfingstferien,DE-HH,Hamburg
2019-05-22,2019-05-22,Pfingstferien,DE-MV,Mecklenburg-Vorpommern
2019-05-31,2019-05-31,Pfingstferien,DE-BB,Brandenburg
2019-05-31,2019-05-31,Pfingstferien,DE-BE,Berlin
2019-05-31,2019-05-31,Pfingstferien,DE-HB,Bremen
2019-05-31,2019-05-31,Pfingstferien,DE-HH,Hamburg
2019-05-31,2019-05-31,Pfingstferien,DE-NI,Niedersachsen
2019-05-31,2019-05-31,Himmelfahrt,DE-SH,Schleswig-Holstein
2019-05-31,2019-05-31,Pfingstferien,DE-SN,Sachsen
2019-05-31,2019-06-01,Pfingstferien,DE-ST,Sachsen-Anhalt
2019-05-31,2019-05-31,Pfingstferien,DE-TH,Thüringen
2019-06-07,2019-06-11,Pfingstferien,DE-MV,Mecklenburg-Vorpommern
2019-06-11,2019-06-11,Pfingstferien,DE-BE,Berlin
2019-06-11,2019-06-21,Pfingstferien,DE-BW,Baden-Württemberg
2019-06-11,2019-06-21,Pfingstferien,DE-BY,Bayern
2019-06-11,2019-06-11,Pfingstferien,DE-HB,Bremen
2019-06-11,2019-06-11,Pfingstferien,DE-NI,Niedersachsen
2019-06-11,2019-06-11,Pfingstferien,DE-NW,Nordrhein-Westfalen
2019-06-20,2019-08-03,Sommerferien,DE-BB,Brandenburg
2019-06-20,2019-08-02,Sommerferien,DE-BE,Berlin
2019-06-27,2019-08-07,Sommerferien,DE-HH,Hamburg
2019-07-01,2019-08-09,Sommerferien,DE-HE,Hessen
2019-07-01,2019-08-10,Sommerferien,DE-MV,Mecklenburg-Vorpommern
2019-07-01,2019-08-09,Sommerferien,DE-RP,Rheinland-Pfalz
2019-07-01,2019-08-10,Sommerferien,DE-SH,Schleswig-Holstein
2019-07-01,2019-08-03,Sommerferien,DE-SH,Schleswig-Holstein
2019-07-01,2019-08-09,Sommerferien,DE-SL,Saarland
2019-07-04,2019-08-14,Sommerferien,DE-HB,Bremen
2019-07-04,2019-08-14,Sommerferien,DE-NI,Niedersachsen
2019-07-04,2019-08-14,Sommerferien,DE-ST,Sachsen-Anhalt
2019-07-08,2019-08-16,Sommerferien,DE-SN,Sachsen
2019-07-08,2019-08-17,Sommerferien,DE-TH,Thüringen
2019-07-15,2019-08-27,Sommerferien,DE-NW,Nordrhein-Westfalen
2019-07-29,2019-09-10,Sommerferien,DE-BW,Baden-Württemberg
2019-07-29,2019-09-09,Sommerferien,DE-BY,Bayern
2019-09-27,2019-10-18,Herbstferien,DE-SH,Schleswig-Holstein
2019-09-30,2019-10-12,Herbstferien,DE-HE,Hessen
2019-09-30,2019-10-11,Herbstferien,DE-RP,Rheinland-Pfalz
2019-10-04,2019-10-18,Herbstferien,DE-BB,Brandenburg
2019-10-04,2019-10-04,Herbstferien,DE-BE,Berlin
2019-10-04,2019-10-18,Herbstferien,DE-HB,Bremen
2019-10-04,2019-10-18,Herbstferien,DE-HH,Hamburg
2019-10-04,2019-10-04,Herbstferien,DE-MV,Mecklenburg-Vorpommern
2019-10-04,2019-10-18,Herbstferien,DE-NI,Niedersachsen
2019-10-04,2019-10-18,Herbstferien,DE-SH,Schleswig-Holstein
2019-10-04,2019-10-11,Herbstferien,DE-ST,Sachsen-Anhalt
2019-10-07,2019-10-19,Herbstferien,DE-BE,Berlin
2019-10-07,2019-10-12,Herbstferien,DE-MV,Mecklenburg-Vorpommern
2019-10-07,2019-10-18,Herbstferien,DE-SL,Saarland
2019-10-07,2019-10-19,Herbstferien,DE-TH,Thüringen
2019-10-14,2019-10-26,Herbstferien,DE-NW,Nordrhein-Westfalen
2019-10-14,2019-10-25,Herbstferien,DE-SN,Sachsen
2019-10-28,2019-10-30,Herbstferien,DE-BW,Baden-Württemberg
2019-10-28,2019-10-31,Herbstferien,DE-BY,Bayern
2019-11-01,2019-11-01,Herbstferien,DE-BB,Brandenburg
2019-11-01,2019-11-01,Herbstferien,DE-MV,Mecklenburg-Vorpommern
2019-11-01,2019-11-01,Herbstferien,DE-ST,Sachsen-Anhalt
2019-11-20,2019-11-20,Herbstferien,DE-BY,Bayern
2019-12-20,2020-01-03,Weihnachtsferien,DE-HH,Hamburg
2019-12-21,2020-01-06,Weihnachtsferien,DE-HB,Bremen
2019-12-21,2020-01-03,Weihnachtsferien,DE-SN,Sachsen
2019-12-21,2020-01-03,Weihnachtsferien,DE-TH,Thüringen
2019-12-23,2020-01-03,Weihnachtsferien,DE-BB,Brandenburg
2019-12-23,2020-01-04,Weihnachtsferien,DE-BE,Berlin
2019-12-23,2020-01-04,Weihnachtsferien,DE-BW,Baden-Württemberg
2019-12-23,2020-01-04,Weihnachtsferien,DE-BY,Bayern
2019-12-23,2020-01-11,Weihnachtsferien,DE-HE,Hessen
2019-12-23,2020-01-04,Weihnachtsferien,DE-MV,Mecklenburg-Vorpommern
2019-12-23,2020-01-06,Weihnachtsferien,DE-NI,Niedersachsen
2019-12-23,2020-01-06,Weihnachtsferien,DE-NW,Nordrhein-Westfalen
2019-12-23,2020-01-06,Weihnachtsferien,DE-RP,Rheinland-Pfalz
2019-12-23,2020-01-06,Weihnachtsferien,DE-SH,Schleswig-Holstein
2019-12-23,2020-01-03,Weihnachtsferien,DE-SL,Saarland
2019-12-23,2020-01-04,Weihnachtsferien,DE-ST,Sachsen-Anhalt
2020-01-31,2020-01-31,Halbjahrespause,DE-HH,Hamburg
2020-02-03,2020-02-08,Winterferien,DE-BB,Brandenburg
2020-02-03,2020-02-08,Winterferien,DE-BE,Berlin
2020-02-03,2020-02-04,Halbjahresferien,DE-NI,Niedersachsen
2020-02-10,2020-02-21,Winterferien,DE-MV,Mecklenburg-Vorpommern
2020-02-10,2020-02-15,Winterferien,DE-MV,Mecklenburg-Vorpommern
2020-02-10,2020-02-22,Winterferien,DE-SN,Sachsen
2020-02-10,2020-02-14,Winterferien,DE-ST,Sachsen-Anhalt
2020-02-10,2020-02-14,Winterferien,DE-TH,Thüringen
2020-02-17,2020-02-21,Winterferien,DE-RP,Rheinland-Pfalz
2020-02-17,2020-02-25,Fastnachtsferien,DE-SL,Saarland
2020-02-24,2020-02-28,Frühjahrsferien,DE-BY,Bayern
2020-03-02,2020-03-13,Frühjahrsferien,DE-HH,Hamburg
2020-03-30,2020-04-14,Osterferien,DE-NI,Niedersachsen
2020-03-30,2020-04-17,Osterferien,DE-SH,Schleswig-Holstein
2020-04-06,2020-04-17,Osterferien,DE-BB,Brandenburg
2020-04-06,2020-04-17,Osterferien,DE-BE,Berlin
2020-04-06,2020-04-18,Osterferien,DE-BW,Baden-Württemberg
2020-04-06,2020-04-18,Osterferien,DE-BY,Bayern
2020-04-06,2020-04-18,Osterferien,DE-HE,Hessen
2020-04-06,2020-04-15,Osterferien,DE-MV,Mecklenburg-Vorpommern
2020-04-06,2020-04-17,Osterferien,DE-MV,Mecklenburg-Vorpommern
2020-04-06,2020-04-18,Osterferien,DE-NW,Nordrhein-Westfalen
2020-04-06,2020-04-11,Osterferien,DE-ST,Sachsen-Anhalt
2020-04-06,2020-04-18,Osterferien,DE-TH,Thüringen
2020-04-09,2020-04-17,Osterferien,DE-RP,Rheinland-Pfalz
2020-04-10,2020-04-18,Osterferien,DE-SN,Sachsen
2020-04-14,2020-04-24,Osterferien,DE-SL,Saarland
2020-05-18,2020-05-22,Pfingstferien,DE-HH,Hamburg
2020-05-18,2020-05-30,Pfingstferien,DE-ST,Sachsen-Anhalt
2020-05-22,2020-05-22,Variabler Ferientag,DE-BB,Brandenburg
2020-05-22,2020-05-22,Unterrichtsfreier Tag,DE-BE,Berlin
2020-05-22,2020-05-22,Zusätzlicher Ferientag,DE-MV,Mecklenburg-Vorpommern
2020-05-22,2020-05-22,Tag nach Himmelfahrt,DE-NI,Niedersachsen
2020-05-22,2020-05-22,Himmelfahrt,DE-SH,Schleswig-Holstein
2020-05-22,2020-05-22,Schulfreier Tag,DE-TH,Thüringen
2020-05-29,2020-06-02,Pfingstferien,DE-MV,Mecklenburg-Vorpommern
2020-06-02,2020-06-13,Pfingstferien,DE-BW,Baden-Württemberg
2020-06-02,2020-06-13,Pfingstferien,DE-BY,Bayern
2020-06-02,2020-06-02,Pfingstferien,DE-NI,Niedersachsen
2020-06-02,2020-06-02,Pfingstferien,DE-NW,Nordrhein-Westfalen
2020-06-22,2020-08-01,Sommerferien,DE-MV,Mecklenburg-Vorpommern
2020-06-25,2020-08-08,Sommerferien,DE-BB,Brandenburg
2020-06-25,2020-08-07,Sommerferien,DE-BE,Berlin
2020-06-25,2020-08-05,Sommerferien,DE-HH,Hamburg
2020-06-29,2020-08-11,Sommerferien,DE-NW,Nordrhein-Westfalen
2020-06-29,2020-08-01,Sommerferien,DE-SH,Schleswig-Holstein
2020-06-29,2020-08-08,Sommerferien,DE-SH,Schleswig-Holstein
2020-07-06,2020-08-14,Sommerferien,DE-HE,Hessen
2020-07-06,2020-08-14,Sommerferien,DE-RP,Rheinland-Pfalz
2020-07-06,2020-08-14,Sommerferien,DE-SL,Saarland
2020-07-13,2020-08-29,Sommerferien,DE-MV,Mecklenburg-Vorpommern
2020-07-16,2020-08-26,Sommerferien,DE-HB,Bremen
2020-07-16,2020-08-26,Sommerferien,DE-NI,Niedersachsen
2020-07-16,2020-08-26,Sommerferien,DE-ST,Sachsen-Anhalt
2020-07-20,2020-08-28,Sommerferien,DE-SN,Sachsen
2020-07-20,2020-08-29,Sommerferien,DE-TH,Thüringen
2020-07-27,2020-09-07,Sommerferien,DE-BY,Bayern
2020-07-30,2020-09-12,Sommerferien,DE-BW,Baden-Württemberg
2020-09-28,2020-10-17,Herbstferien,DE-SH,Schleswig-Holstein
2020-10-05,2020-10-17,Herbstferien,DE-HE,Hessen
2020-10-05,2020-10-16,Herbstferien,DE-HH,Hamburg
2020-10-05,2020-10-10,Herbstferien,DE-MV,Mecklenburg-Vorpommern
2020-10-05,2020-10-17,Herbstferien,DE-SH,Schleswig-Holstein
2020-10-12,2020-10-24,Herbstferien,DE-BB,Brandenburg
2020-10-12,2020-10-24,Herbstferien,DE-BE,Berlin
2020-10-12,2020-10-24,Herbstferien,DE-HB,Bremen
2020-10-12,2020-10-23,Herbstferien,DE-NI,Niedersachsen
2020-10-12,2020-10-24,Herbstferien,DE-NW,Nordrhein-Westfalen
2020-10-12,2020-10-23,Herbstferien,DE-RP,Rheinland-Pfalz
2020-10-12,2020-10-23,Herbstferien,DE-SL,Saarland
2020-10-17,2020-10-30,Herbstferien,DE-TH,Thüringen
2020-10-19,2020-10-31,Herbstferien,DE-SN,Sachsen
2020-10-19,2020-10-24,Herbstferien,DE-ST,Sachsen-Anhalt
2020-10-26,2020-10-30,Herbstferien,DE-BW,Baden-Württemberg
2020-10-31,2020-11-06,Herbstferien,DE-BY,Bayern
2020-11-02,2020-11-02,Zusätzlicher Ferientag,DE-MV,Mecklenburg-Vorpommern
2020-11-03,2020-11-03,Zusätzlicher Ferientag,DE-MV,Mecklenburg-Vorpommern
2020-11-18,2020-11-18,Buß- und Bettag,DE-BY,Bayern
2020-12-19,2021-01-02,Weihnachtsferien,DE-SN,Sachsen
2020-12-21,2021-01-02,Weihnachtsferien,DE-BB,Brandenburg
2020-12-21,2021-01-02,Weihnachtsferien,DE-BE,Berlin
2020-12-21,2021-01-09,Weihnachtsferien,DE-HE,Hessen
2020-12-21,2021-01-04,Weihnachtsferien,DE-HH,Hamburg
2020-12-21,2021-01-02,Weihnachtsferien,DE-MV,Mecklenburg-Vorpommern
2020-12-21,2021-01-06,Weihnachtsferien,DE-NW,Nordrhein-Westfalen
2020-12-21,2020-12-31,Weihnachtsferien,DE-RP,Rheinland-Pfalz
2020-12-21,2021-01-06,Weihnachtsferien,DE-SH,Schleswig-Holstein
2020-12-21,2020-12-31,Weihnachtsferien,DE-SL,Saarland
2020-12-21,2021-01-10,Weihnachtsferien,DE-ST,Sachsen-Anhalt
2020-12-23,2021-01-09,Weihnachtsferien,DE-BW,Baden-Württemberg
2020-12-23,2021-01-09,Weihnachtsferien,DE-BY,Bayern
2020-12-23,2021-01-08,Weihnachtsferien,DE-HB,Bremen
2020-12-23,2021-01-08,Weihnachtsferien,DE-NI,Niedersachsen
2020-12-23,2021-01-02,Weihnachtsferien,DE-TH,Thüringen
2021-01-25,2021-01-30,Winterferien,DE-TH,Thüringen
2021-01-29,2021-01-29,Halbjahrespause,DE-HH,Hamburg
2021-01-31,2021-02-06,Winterferien,DE-SN,Sachsen
2021-02-01,2021-02-06,Winterferien,DE-BB,Brandenburg
2021-02-01,2021-02-06,Winterferien,DE-BE,Berlin
2021-02-01,2021-02-02,Halbjahresferien,DE-HB,Bremen
2021-02-01,2021-02-02,Halbjahresferien,DE-NI,Niedersachsen
2021-02-05,2021-02-13,Winterferien,DE-MV,Mecklenburg-Vorpommern
2021-02-06,2021-02-18,Winterferien,DE-MV,Mecklenburg-Vorpommern
2021-02-08,2021-02-13,Winterferien,DE-ST,Sachsen-Anhalt
2021-02-15,2021-02-19,Fastnachtsferien,DE-SL,Saarland
2021-02-19,2021-02-19,Schulfrei,DE-MV,Mecklenburg-Vorpommern
2021-03-01,2021-03-12,Frühjahrsferien,DE-HH,Hamburg
2021-03-27,2021-04-10,Osterferien,DE-HB,Bremen
2021-03-27,2021-04-10,Osterferien,DE-SN,Sachsen
2021-03-29,2021-04-09,Osterferien,DE-BB,Brandenburg
2021-03-29,2021-04-10,Osterferien,DE-BE,Berlin
2021-03-29,2021-04-10,Osterferien,DE-BY,Bayern
2021-03-29,2021-04-07,Osterferien,DE-MV,Mecklenburg-Vorpommern
2021-03-29,2021-04-09,Osterferien,DE-MV,Mecklenburg-Vorpommern
2021-03-29,2021-04-09,Osterferien,DE-NI,Niedersachsen
2021-03-29,2021-04-10,Osterferien,DE-NW,Nordrhein-Westfalen
2021-03-29,2021-04-06,Osterferien,DE-RP,Rheinland-Pfalz
2021-03-29,2021-04-07,Osterferien,DE-SL,Saarland
2021-03-29,2021-04-03,Osterferien,DE-ST,Sachsen-Anhalt
2021-03-29,2021-04-10,Osterferien,DE-TH,Thüringen
2021-04-01,2021-04-16,Osterferien,DE-SH,Schleswig-Holstein
2021-04-06,2021-04-10,Osterferien,DE-BW,Baden-Württemberg
2021-04-06,2021-04-16,Osterferien,DE-HE,Hessen
2021-05-10,2021-05-14,Pfingstferien,DE-HH,Hamburg
2021-05-10,2021-05-22,Pfingstferien,DE-ST,Sachsen-Anhalt
2021-05-14,2021-05-14,Variabler Ferientag,DE-BB,Brandenburg
2021-05-14,2021-05-14,Unterrichtsfreier Tag,DE-BE,Berlin
2021-05-14,2021-05-14,Tag nach Himmelfahrt,DE-HB,Bremen
2021-05-14,2021-05-14,Zusätzlicher Ferientag,DE-MV,Mecklenburg-Vorpommern
2021-05-14,2021-05-14,Tag nach Himmelfahrt,DE-NI,Niedersachsen
2021-05-14,2021-05-15,Himmelfahrt,DE-SH,Schleswig-Holstein
2021-05-14,2021-05-14,Schulfreier Tag,DE-TH,Thüringen
2021-05-21,2021-05-25,Pfingstferien,DE-MV,Mecklenburg-Vorpommern
2021-05-25,2021-06-05,Pfingstferien,DE-BW,Baden-Württemberg
2021-05-25,2021-06-04,Pfingstferien,DE-BY,Bayern
2021-05-25,2021-05-25,Pfingstferien,DE-HB,Bremen
2021-05-25,2021-05-25,Pfingstferien,DE-NI,Niedersachsen
2021-05-25,2021-05-25,Pfingstferien,DE-NW,Nordrhein-Westfalen
2021-05-25,2021-06-02,Pfingstferien,DE-RP,Rheinland-Pfalz
2021-05-25,2021-05-28,Pfingstferien,DE-SL,Saarland
2021-06-21,2021-07-31,Sommerferien,DE-MV,Mecklenburg-Vorpommern
2021-06-21,2021-07-31,Sommerferien,DE-SH,Schleswig-Holstein
2021-06-21,2021-07-24,Sommerferien,DE-SH,Schleswig-Holstein
2021-06-24,2021-08-07,Sommerferien,DE-BB,Brandenburg
2021-06-24,2021-08-06,Sommerferien,DE-BE,Berlin
2021-06-24,2021-08-04,Sommerferien,DE-HH,Hamburg
2021-07-05,2021-08-17,Sommerferien,DE-NW,Nordrhein-Westfalen
2021-07-12,2021-08-28,Sommerferien,DE-MV,Mecklenburg-Vorpommern
2021-07-19,2021-08-27,Sommerferien,DE-HE,Hessen
2021-07-19,2021-08-27,Sommerferien,DE-RP,Rheinland-Pfalz
2021-07-19,2021-08-27,Sommerferien,DE-SL,Saarland
2021-07-22,2021-09-01,Sommerferien,DE-HB,Bremen
2021-07-22,2021-09-01,Sommerferien,DE-NI,Niedersachsen
2021-07-22,2021-09-01,Sommerferien,DE-ST,Sachsen-Anhalt
2021-07-26,2021-09-03,Sommerferien,DE-SN,Sachsen
2021-07-26,2021-09-04,Sommerferien,DE-TH,Thüringen
2021-07-29,2021-09-11,Sommerferien,DE-BW,Baden-Württemberg
2021-07-30,2021-09-13,Sommerferien,DE-BY,Bayern
2021-09-27,2021-10-16,Herbstferien,DE-SH,Schleswig-Holstein
2021-10-02,2021-10-09,Herbstferien,DE-MV,Mecklenburg-Vorpommern
2021-10-04,2021-10-15,Herbstferien,DE-HH,Hamburg
2021-10-04,2021-10-16,Herbstferien,DE-SH,Schleswig-Holstein
2021-10-11,2021-10-23,Herbstferien,DE-BB,Brandenburg
2021-10-11,2021-10-23,Herbstferien,DE-BE,Berlin
2021-10-11,2021-10-23,Herbstferien,DE-HE,Hessen
2021-10-11,2021-10-23,Herbstferien,DE-NW,Nordrhein-Westfalen
2021-10-11,2021-10-22,Herbstferien,DE-RP,Rheinland-Pfalz
2021-10-18,2021-10-30,Herbstferien,DE-HB,Bremen
2021-10-18,2021-10-29,Herbstferien,DE-NI,Niedersachsen
2021-10-18,2021-10-29,Herbstferien,DE-SL,Saarland
2021-10-18,2021-10-30,Herbstferien,DE-SN,Sachsen
2021-10-25,2021-10-30,Herbstferien,DE-ST,Sachsen-Anhalt
2021-10-25,2021-11-06,Herbstferien,DE-TH,Thüringen
2021-11-01,2021-11-01,Zusätzlicher Ferientag,DE-MV,Mecklenburg-Vorpommern
2021-11-02,2021-11-06,Herbstferien,DE-BW,Baden-Württemberg
2021-11-02,2021-11-05,Herbstferien,DE-BY,Bayern
2021-11-02,2021-11-02,Zusätzlicher Ferientag,DE-MV,Mecklenburg-Vorpommern
2021-11-17,2021-11-17,Buß- und Bettag,DE-BY,Bayern
2021-12-22,2022-01-03,Weihnachtsferien,DE-MV,Mecklenburg-Vorpommern
2021-12-22,2021-12-31,Weihnachtsferien,DE-MV,Mecklenburg-Vorpommern
2021-12-22,2022-01-08,Weihnachtsferien,DE-ST,Sachsen-Anhalt
2021-12-23,2021-12-31,Weihnachtsferien,DE-BB,Brandenburg
2021-12-23,2021-12-31,Weihnachtsferien,DE-BE,Berlin
2021-12-23,2022-01-08,Weihnachtsferien,DE-BW,Baden-Württemberg
2021-12-23,2022-01-08,Weihnachtsferien,DE-HB,Bremen
2021-12-23,2022-01-08,Weihnachtsferien,DE-HE,Hessen
2021-12-23,2022-01-04,Weihnachtsferien,DE-HH,Hamburg
2021-12-23,2022-01-07,Weihnachtsferien,DE-NI,Niedersachsen
2021-12-23,2021-12-31,Weihnachtsferien,DE-RP,Rheinland-Pfalz
2021-12-23,2022-01-08,Weihnachtsferien,DE-SH,Schleswig-Holstein
2021-12-23,2022-01-03,Weihnachtsferien,DE-SL,Saarland
2021-12-23,2022-01-01,Weihnachtsferien,DE-SN,Sachsen
2021-12-23,2021-12-31,Weihnachtsferien,DE-TH,Thüringen
2021-12-24,2022-01-08,Weihnachtsferien,DE-BY,Bayern
2021-12-24,2022-01-08,Weihnachtsferien,DE-NW,Nordrhein-Westfalen
2022-01-28,2022-01-28,Halbjahrespause,DE-HH,Hamburg
2022-01-30,2022-02-04,Winterferien,DE-BE,Berlin
2022-01-31,2022-02-05,Winterferien,DE-BB,Brandenburg
2022-01-31,2022-02-01,Halbjahresferien,DE-HB,Bremen
2022-01-31,2022-02-01,Halbjahresferien,DE-NI,Niedersachsen
2022-02-05,2022-02-12,Winterferien,DE-MV,Mecklenburg-Vorpommern
2022-02-05,2022-02-17,Winterferien,DE-MV,Mecklenburg-Vorpommern
2022-02-12,2022-02-26,Winterferien,DE-SN,Sachsen
2022-02-12,2022-02-19,Winterferien,DE-ST,Sachsen-Anhalt
2022-02-12,2022-02-19,Winterferien,DE-TH,Thüringen
2022-02-18,2022-02-18,Schulfrei,DE-MV,Mecklenburg-Vorpommern
2022-02-21,2022-02-25,Winterferien,DE-RP,Rheinland-Pfalz
2022-02-21,2022-03-01,Fastnachtsferien,DE-SL,Saarland
2022-02-28,2022-03-04,Frühjahrsferien,DE-BY,Bayern
2022-03-07,2022-03-18,Frühjahrsferien,DE-HH,Hamburg
2022-04-04,2022-04-19,Osterferien,DE-HB,Bremen
2022-04-04,2022-04-19,Osterferien,DE-NI,Niedersachsen
2022-04-04,2022-04-16,Osterferien,DE-SH,Schleswig-Holstein
2022-04-11,2022-04-24,Osterferien,DE-BB,Brandenburg
2022-04-11,2022-04-23,Osterferien,DE-BE,Berlin
2022-04-11,2022-04-23,Osterferien,DE-BY,Bayern
2022-04-11,2022-04-23,Osterferien,DE-HE,Hessen
2022-04-11,2022-04-22,Osterferien,DE-MV,Mecklenburg-Vorpommern
2022-04-11,2022-04-20,Osterferien,DE-MV,Mecklenburg-Vorpommern
2022-04-11,2022-04-23,Osterferien,DE-NW,Nordrhein-Westfalen
2022-04-11,2022-04-16,Osterferien,DE-ST,Sachsen-Anhalt
2022-04-11,2022-04-23,Osterferien,DE-TH,Thüringen
2022-04-13,2022-04-22,Osterferien,DE-RP,Rheinland-Pfalz
2022-04-14,2022-04-22,Osterferien,DE-SL,Saarland
2022-04-15,2022-04-23,Osterferien,DE-SN,Sachsen
2022-04-19,2022-04-23,Osterferien,DE-BW,Baden-Württemberg
2022-05-23,2022-05-27,Pfingstferien,DE-HH,Hamburg
2022-05-23,2022-05-28,Pfingstferien,DE-ST,Sachsen-Anhalt
2022-05-27,2022-05-27,Variabler Ferientag,DE-BB,Brandenburg
2022-05-27,2022-05-27,Unterrichtsfreier Tag,DE-BE,Berlin
2022-05-27,2022-05-27,Tag nach Himmelfahrt,DE-HB,Bremen
2022-05-27,2022-05-27,Zusätzlicher Ferientag,DE-MV,Mecklenburg-Vorpommern
2022-05-27,2022-05-27,Tag nach Himmelfahrt,DE-NI,Niedersachsen
2022-05-27,2022-05-28,Himmelfahrt,DE-SH,Schleswig-Holstein
2022-05-27,2022-05-27,Unterrichtsfreier Tag,DE-SN,Sachsen
2022-05-27,2022-05-27,Schulfreier Tag,DE-TH,Thüringen
2022-06-03,2022-06-07,Pfingstferien,DE-MV,Mecklenburg-Vorpommern
2022-06-07,2022-06-07,Pfingstferien,DE-BE,Berlin
2022-06-07,2022-06-18,Pfingstferien,DE-BW,Baden-Württemberg
2022-06-07,2022-06-18,Pfingstferien,DE-BY,Bayern
2022-06-07,2022-06-07,Pfingstferien,DE-HB,Bremen
2022-06-07,2022-06-07,Pfingstferien,DE-NI,Niedersachsen
2022-06-07,2022-06-10,Pfingstferien,DE-SL,Saarland
2022-06-27,2022-08-09,Sommerferien,DE-NW,Nordrhein-Westfalen
2022-07-04,2022-08-13,Sommerferien,DE-MV,Mecklenburg-Vorpommern
2022-07-04,2022-08-13,Sommerferien,DE-SH,Schleswig-Holstein
2022-07-04,2022-08-06,Sommerferien,DE-SH,Schleswig-Holstein
2022-07-07,2022-08-20,Sommerferien,DE-BB,Brandenburg
2022-07-07,2022-08-18,Sommerferien,DE-BE,Berlin
2022-07-07,2022-08-17,Sommerferien,DE-HH,Hamburg
2022-07-11,2022-08-27,Sommerferien,DE-MV,Mecklenburg-Vorpommern
2022-07-14,2022-08-24,Sommerferien,DE-HB,Bremen
2022-07-14,2022-08-24,Sommerferien,DE-NI,Niedersachsen
2022-07-14,2022-08-24,Sommerferien,DE-ST,Sachsen-Anhalt
2022-07-18,2022-08-26,Sommerferien,DE-SN,Sachsen
2022-07-18,2022-08-27,Sommerferien,DE-TH,Thüringen
2022-07-25,2022-09-02,Sommerferien,DE-HE,Hessen
2022-07-25,2022-09-02,Sommerferien,DE-RP,Rheinland-Pfalz
2022-07-25,2022-09-02,Sommerferien,DE-SL,Saarland
2022-07-28,2022-09-10,Sommerferien,DE-BW,Baden-Württemberg
2022-08-01,2022-09-12,Sommerferien,DE-BY,Bayern
2022-10-03,2022-10-21,Herbstferien,DE-SH,Schleswig-Holstein
2022-10-04,2022-10-15,Herbstferien,DE-NW,Nordrhein-Westfalen
2022-10-10,2022-10-21,Herbstferien,DE-HH,Hamburg
2022-10-10,2022-10-14,Herbstferien,DE-MV,Mecklenburg-Vorpommern
2022-10-10,2022-10-15,Herbstferien,DE-MV,Mecklenburg-Vorpommern
2022-10-10,2022-10-21,Herbstferien,DE-SH,Schleswig-Holstein
2022-10-17,2022-10-29,Herbstferien,DE-HB,Bremen
2022-10-17,2022-10-28,Herbstferien,DE-NI,Niedersachsen
2022-10-17,2022-10-31,Herbstferien,DE-RP,Rheinland-Pfalz
2022-10-17,2022-10-29,Herbstferien,DE-SN,Sachsen
2022-10-17,2022-10-29,Herbstferien,DE-TH,Thüringen
2022-10-24,2022-11-05,Herbstferien,DE-BB,Brandenburg
2022-10-24,2022-11-05,Herbstferien,DE-BE,Berlin
2022-10-24,2022-10-29,Herbstferien,DE-HE,Hessen
2022-10-24,2022-11-04,Herbstferien,DE-SL,Saarland
2022-10-24,2022-11-04,Herbstferien,DE-ST,Sachsen-Anhalt
2022-10-28,2022-10-28,Zusätzlicher Ferientag,DE-MV,Mecklenburg-Vorpommern
2022-10-31,2022-10-31,Reformationsfest,DE-BW,Baden-Württemberg
2022-10-31,2022-11-04,Herbstferien,DE-BY,Bayern
2022-11-01,2022-11-01,Zusätzlicher Ferientag,DE-MV,Mecklenburg-Vorpommern
2022-11-02,2022-11-04,Herbstferien,DE-BW,Baden-Württemberg
2022-11-02,2022-11-02,Zusätzlicher Ferientag,DE-MV,Mecklenburg-Vorpommern
2022-11-16,2022-11-16,Buß- und Bettag,DE-BY,Bayern
2022-12-21,2023-01-07,Weihnachtsferien,DE-BW,Baden-Württemberg
2022-12-21,2023-01-05,Weihnachtsferien,DE-ST,Sachsen-Anhalt
2022-12-22,2023-01-03,Weihnachtsferien,DE-BB,Brandenburg
2022-12-22,2023-01-02,Weihnachtsferien,DE-BE,Berlin
2022-12-22,2023-01-07,Weihnachtsferien,DE-HE,Hessen
2022-12-22,2023-01-02,Weihnachtsferien,DE-MV,Mecklenburg-Vorpommern
2022-12-22,2023-01-04,Weihnachtsferien,DE-SL,Saarland
2022-12-22,2023-01-02,Weihnachtsferien,DE-SN,Sachsen
2022-12-22,2023-01-03,Weihnachtsferien,DE-TH,Thüringen
2022-12-23,2023-01-06,Weihnachtsferien,DE-HB,Bremen
2022-12-23,2023-01-06,Weihnachtsferien,DE-HH,Hamburg
2022-12-23,2023-01-06,Weihnachtsferien,DE-NI,Niedersachsen
2022-12-23,2023-01-06,Weihnachtsferien,DE-NW,Nordrhein-Westfalen
2022-12-23,2023-01-02,Weihnachtsferien,DE-RP,Rheinland-Pfalz
2022-12-23,2023-01-07,Weihnachtsferien,DE-SH,Schleswig-Holstein
2022-12-24,2023-01-07,Weihnachtsferien,DE-BY,Bayern
2023-01-27,2023-01-27,Halbjahrespause,DE-HH,Hamburg
2023-01-30,2023-02-03,Winterferien,DE-BB,Brandenburg
2023-01-30,2023-02-04,Winterferien,DE-BE,Berlin
2023-01-30,2023-01-31,Halbjahresferien,DE-HB,Bremen
2023-01-30,2023-01-31,Halbjahresferien,DE-NI,Niedersachsen
2023-02-06,2023-02-18,Winterferien,DE-MV,Mecklenburg-Vorpommern
2023-02-06,2023-02-11,Winterferien,DE-MV,Mecklenburg-Vorpommern
2023-02-06,2023-02-11,Winterferien,DE-ST,Sachsen-Anhalt
2023-02-13,2023-02-24,Winterferien,DE-SN,Sachsen
2023-02-13,2023-02-17,Winterferien,DE-TH,Thüringen
2023-02-20,2023-02-24,Frühjahrsferien,DE-BY,Bayern
2023-02-20,2023-02-24,Fastnachtsferien,DE-SL,Saarland
2023-03-06,2023-03-17,Frühjahrsferien,DE-HH,Hamburg
2023-03-27,2023-04-11,Osterferien,DE-HB,Bremen
2023-03-27,2023-04-11,Osterferien,DE-NI,Niedersachsen
2023-04-03,2023-04-14,Osterferien,DE-BB,Brandenburg
2023-04-03,2023-04-14,Osterferien,DE-BE,Berlin
2023-04-03,2023-04-15,Osterferien,DE-BY,Bayern
2023-04-03,2023-04-22,Osterferien,DE-HE,Hessen
2023-04-03,2023-04-12,Osterferien,DE-MV,Mecklenburg-Vorpommern
2023-04-03,2023-04-15,Osterferien,DE-MV,Mecklenburg-Vorpommern
2023-04-03,2023-04-15,Osterferien,DE-NW,Nordrhein-Westfalen
2023-04-03,2023-04-06,Osterferien,DE-RP,Rheinland-Pfalz
2023-04-03,2023-04-12,Osterferien,DE-SL,Saarland
2023-04-03,2023-04-08,Osterferien,DE-ST,Sachsen-Anhalt
2023-04-03,2023-04-15,Osterferien,DE-TH,Thüringen
2023-04-06,2023-04-06,Gründonnerstag,DE-BW,Baden-Württemberg
2023-04-06,2023-04-22,Osterferien,DE-SH,Schleswig-Holstein
2023-04-07,2023-04-15,Osterferien,DE-SN,Sachsen
2023-04-11,2023-04-15,Osterferien,DE-BW,Baden-Württemberg
2023-05-15,2023-05-19,Pfingstferien,DE-HH,Hamburg
2023-05-15,2023-05-19,Pfingstferien,DE-ST,Sachsen-Anhalt
2023-05-19,2023-05-19,Variabler Ferientag,DE-BB,Brandenburg
2023-05-19,2023-05-19,Unterrichtsfreier Tag,DE-BE,Berlin
2023-05-19,2023-05-19,Tag nach Himmelfahrt,DE-HB,Bremen
2023-05-19,2023-05-19,Zusätzlicher Ferientag,DE-MV,Mecklenburg-Vorpommern
2023-05-19,2023-05-19,Tag nach Himmelfahrt,DE-NI,Niedersachsen
2023-05-19,2023-05-20,Himmelfahrt,DE-SH,Schleswig-Holstein
2023-05-19,2023-05-19,Unterrichtsfreier Tag,DE-SN,Sachsen
2023-05-19,2023-05-19,Schulfreier Tag,DE-TH,Thüringen
2023-05-26,2023-05-30,Pfingstferien,DE-MV,Mecklenburg-Vorpommern
2023-05-26,2023-05-26,Zusätzlicher Ferientag,DE-MV,Mecklenburg-Vorpommern
2023-05-30,2023-05-30,Pfingstferien,DE-BE,Berlin
2023-05-30,2023-06-09,Pfingstferien,DE-BW,Baden-Württemberg
2023-05-30,2023-06-09,Pfingstferien,DE-BY,Bayern
2023-05-30,2023-05-30,Pfingstferien,DE-HB,Bremen
2023-05-30,2023-05-30,Pfingstferien,DE-NI,Niedersachsen
2023-05-30,2023-05-30,Pfingstferien,DE-NW,Nordrhein-Westfalen
2023-05-30,2023-06-07,Pfingstferien,DE-RP,Rheinland-Pfalz
2023-05-30,2023-06-02,Pfingstferien,DE-SL,Saarland
2023-06-22,2023-08-04,Sommerferien,DE-NW,Nordrhein-Westfalen
2023-07-06,2023-08-16,Sommerferien,DE-HB,Bremen
2023-07-06,2023-08-16,Sommerferien,DE-NI,Niedersachsen
2023-07-06,2023-08-16,Sommerferien,DE-ST,Sachsen-Anhalt
2023-07-10,2023-08-18,Sommerferien,DE-SN,Sachsen
2023-07-10,2023-08-19,Sommerferien,DE-TH,Thüringen
2023-07-13,2023-08-26,Sommerferien,DE-BB,Brandenburg
2023-07-13,2023-08-25,Sommerferien,DE-BE,Berlin
2023-07-13,2023-08-23,Sommerferien,DE-HH,Hamburg
2023-07-17,2023-09-01,Sommerferien,DE-MV,Mecklenburg-Vorpommern
2023-07-17,2023-08-26,Sommerferien,DE-MV,Mecklenburg-Vorpommern
2023-07-17,2023-08-19,Sommerferien,DE-SH,Schleswig-Holstein
2023-07-17,2023-08-26,Sommerferien,DE-SH,Schleswig-Holstein
2023-07-24,2023-09-01,Sommerferien,DE-HE,Hessen
2023-07-24,2023-09-01,Sommerferien,DE-RP,Rheinland-Pfalz
2023-07-24,2023-09-01,Sommerferien,DE-SL,Saarland
2023-07-27,2023-09-09,Sommerferien,DE-BW,Baden-Württemberg
2023-07-31,2023-09-11,Sommerferien,DE-BY,Bayern
2023-10-02,2023-10-02,Variabler Ferientag,DE-BB,Brandenburg
2023-10-02,2023-10-02,Unterrichtsfreier Tag,DE-BE,Berlin
2023-10-02,2023-10-02,Tag vor dem 3. Oktober,DE-HB,Bremen
2023-10-02,2023-10-02,Brückentag,DE-HH,Hamburg
2023-10-02,2023-10-02,Zusätzlicher Ferientag,DE-MV,Mecklenburg-Vorpommern
2023-10-02,2023-10-02,Tag vor dem 3. Oktober,DE-NI,Niedersachsen
2023-10-02,2023-10-14,Herbstferien,DE-NW,Nordrhein-Westfalen
2023-10-02,2023-10-14,Herbstferien,DE-SN,Sachsen
2023-10-02,2023-10-02,Ferientag,DE-ST,Sachsen-Anhalt
2023-10-02,2023-10-14,Herbstferien,DE-TH,Thüringen
2023-10-09,2023-10-14,Herbstferien,DE-MV,Mecklenburg-Vorpommern
2023-10-09,2023-10-27,Herbstferien,DE-SH,Schleswig-Holstein
2023-10-16,2023-10-30,Herbstferien,DE-HB,Bremen
2023-10-16,2023-10-27,Herbstferien,DE-HH,Hamburg
2023-10-16,2023-10-30,Herbstferien,DE-NI,Niedersachsen
2023-10-16,2023-10-27,Herbstferien,DE-RP,Rheinland-Pfalz
2023-10-16,2023-10-27,Herbstferien,DE-SH,Schleswig-Holstein
2023-10-16,2023-10-30,Herbstferien,DE-ST,Sachsen-Anhalt
2023-10-23,2023-11-04,Herbstferien,DE-BB,Brandenburg
2023-10-23,2023-11-04,Herbstferien,DE-BE,Berlin
2023-10-23,2023-10-28,Herbstferien,DE-HE,Hessen
2023-10-23,2023-11-03,Herbstferien,DE-SL,Saarland
2023-10-30,2023-11-03,Herbstferien,DE-BW,Baden-Württemberg
2023-10-30,2023-11-04,Herbstferien,DE-BY,Bayern
2023-10-30,2023-10-30,Zusätzlicher Ferientag,DE-MV,Mecklenburg-Vorpommern
2023-10-30,2023-10-30,Unterrichtsfreier Tag,DE-SN,Sachsen
2023-11-01,2023-11-01,Zusätzlicher Ferientag,DE-MV,Mecklenburg-Vorpommern
2023-11-22,2023-11-22,Buß- und Bettag,DE-BY,Bayern
2023-12-21,2024-01-03,Weihnachtsferien,DE-MV,Mecklenburg-Vorpommern
2023-12-21,2024-01-05,Weihnachtsferien,DE-NW,Nordrhein-Westfalen
2023-12-21,2024-01-02,Weihnachtsferien,DE-SL,Saarland
2023-12-21,2024-01-03,Weihnachtsferien,DE-ST,Sachsen-Anhalt
2023-12-22,2024-01-05,Weihnachtsferien,DE-HH,Hamburg
2023-12-22,2024-01-05,Weihnachtsferien,DE-TH,Thüringen
2023-12-23,2024-01-05,Weihnachtsferien,DE-BB,Brandenburg
2023-12-23,2024-01-05,Weihnachtsferien,DE-BE,Berlin
2023-12-23,2024-01-05,Weihnachtsferien,DE-BW,Baden-Württemberg
2023-12-23,2024-01-05,Weihnachtsferien,DE-BY,Bayern
2023-12-23,2024-01-05,Weihnachtsferien,DE-HB,Bremen
2023-12-23,2024-01-02,Weihnachtsferien,DE-SN,Sachsen
2023-12-27,2024-01-13,Weihnachtsferien,DE-HE,Hessen
2023-12-27,2024-01-05,Weihnachtsferien,DE-NI,Niedersachsen
2023-12-27,2024-01-05,Weihnachtsferien,DE-RP,Rheinland-Pfalz
2023-12-27,2024-01-06,Weihnachtsferien,DE-SH,Schleswig-Holstein
2024-02-01,2024-02-02,Halbjahresferien,DE-HB,Bremen
2024-02-01,2024-02-02,Halbjahresferien,DE-NI,Niedersachsen
2024-02-02,2024-02-02,Halbjahrespause,DE-HH,Hamburg
2024-02-05,2024-02-09,Winterferien,DE-BB,Brandenburg
2024-02-05,2024-02-10,Winterferien,DE-BE,Berlin
2024-02-05,2024-02-16,Winterferien,DE-MV,Mecklenburg-Vorpommern
2024-02-05,2024-02-10,Winterferien,DE-MV,Mecklenburg-Vorpommern
2024-02-05,2024-02-10,Winterferien,DE-ST,Sachsen-Anhalt
2024-02-12,2024-02-16,Frühjahrsferien,DE-BY,Bayern
2024-02-12,2024-02-16,Fastnachtsferien,DE-SL,Saarland
2024-02-12,2024-02-23,Winterferien,DE-SN,Sachsen
2024-02-12,2024-02-16,Winterferien,DE-TH,Thüringen
2024-03-18,2024-03-28,Osterferien,DE-HB,Bremen
2024-03-18,2024-03-28,Frühjahrsferien,DE-HH,Hamburg
2024-03-18,2024-03-28,Osterferien,DE-NI,Niedersachsen
2024-03-23,2024-04-05,Osterferien,DE-BW,Baden-Württemberg
2024-03-25,2024-04-05,Osterferien,DE-BB,Brandenburg
2024-03-25,2024-04-05,Osterferien,DE-BE,Berlin
2024-03-25,2024-04-06,Osterferien,DE-BY,Bayern
2024-03-25,2024-04-13,Osterferien,DE-HE,Hessen
2024-03-25,2024-04-05,Osterferien,DE-MV,Mecklenburg-Vorpommern
2024-03-25,2024-04-03,Osterferien,DE-MV,Mecklenburg-Vorpommern
2024-03-25,2024-04-06,Osterferien,DE-NW,Nordrhein-Westfalen
2024-03-25,2024-04-02,Osterferien,DE-RP,Rheinland-Pfalz
2024-03-25,2024-04-05,Osterferien,DE-SL,Saarland
2024-03-25,2024-03-30,Osterferien,DE-ST,Sachsen-Anhalt
2024-03-25,2024-04-06,Osterferien,DE-TH,Thüringen
2024-03-28,2024-04-05,Osterferien,DE-SN,Sachsen
2024-04-02,2024-04-19,Osterferien,DE-SH,Schleswig-Holstein
2024-05-10,2024-05-10,Variabler Ferientag,DE-BB,Brandenburg
2024-05-10,2024-05-10,Unterrichtsfreier Tag,DE-BE,Berlin
2024-05-10,2024-05-10,Tag nach Himmelfahrt,DE-HB,Bremen
2024-05-10,2024-05-10,Brückentag,DE-HH,Hamburg
2024-05-10,2024-05-10,Zusätzlicher Ferientag,DE-MV,Mecklenburg-Vorpommern
2024-05-10,2024-05-10,Tag nach Himmelfahrt,DE-NI,Niedersachsen
2024-05-10,2024-05-11,Himmelfahrt,DE-SH,Schleswig-Holstein
2024-05-10,2024-05-10,Unterrichtsfreier Tag,DE-SN,Sachsen
2024-05-10,2024-05-10,Schulfreier Tag,DE-TH,Thüringen
2024-05-17,2024-05-21,Pfingstferien,DE-MV,Mecklenburg-Vorpommern
2024-05-18,2024-05-21,Pfingstferien,DE-SN,Sachsen
2024-05-21,2024-05-31,Pfingstferien,DE-BW,Baden-Württemberg
2024-05-21,2024-06-01,Pfingstferien,DE-BY,Bayern
2024-05-21,2024-05-21,Pfingstferien,DE-HB,Bremen
2024-05-21,2024-05-24,Pfingstferien,DE-HH,Hamburg
2024-05-21,2024-05-21,Pfingstferien,DE-NI,Niedersachsen
2024-05-21,2024-05-21,Pfingstferien,DE-NW,Nordrhein-Westfalen
2024-05-21,2024-05-29,Pfingstferien,DE-RP,Rheinland-Pfalz
2024-05-21,2024-05-24,Pfingstferien,DE-SL,Saarland
2024-05-21,2024-05-24,Pfingstferien,DE-ST,Sachsen-Anhalt
2024-06-20,2024-08-02,Sommerferien,DE-SN,Sachsen
2024-06-20,2024-07-31,Sommerferien,DE-TH,Thüringen
2024-06-24,2024-08-02,Sommerferien,DE-HB,Bremen
2024-06-24,2024-08-03,Sommerferien,DE-NI,Niedersachsen
2024-06-24,2024-08-03,Sommerferien,DE-ST,Sachsen-Anhalt
2024-07-08,2024-08-20,Sommerferien,DE-NW,Nordrhein-Westfalen
2024-07-15,2024-08-23,Sommerferien,DE-HE,Hessen
2024-07-15,2024-08-31,Sommerferien,DE-MV,Mecklenburg-Vorpommern
2024-07-15,2024-08-23,Sommerferien,DE-RP,Rheinland-Pfalz
2024-07-15,2024-08-23,Sommerferien,DE-SL,Saarland
2024-07-18,2024-08-31,Sommerferien,DE-BB,Brandenburg
2024-07-18,2024-08-30,Sommerferien,DE-BE,Berlin
2024-07-18,2024-08-28,Sommerferien,DE-HH,Hamburg
2024-07-22,2024-08-31,Sommerferien,DE-MV,Mecklenburg-Vorpommern
2024-07-22,2024-08-24,Sommerferien,DE-SH,Schleswig-Holstein
2024-07-22,2024-08-31,Sommerferien,DE-SH,Schleswig-Holstein
2024-07-25,2024-09-07,Sommerferien,DE-BW,Baden-Württemberg
2024-07-29,2024-09-09,Sommerferien,DE-BY,Bayern
2024-09-30,2024-10-12,Herbstferien,DE-ST,Sachsen-Anhalt
2024-09-30,2024-10-12,Herbstferien,DE-TH,Thüringen
2024-10-04,2024-10-04,Variabler Ferientag,DE-BB,Brandenburg
2024-10-04,2024-10-04,Unterrichtsfreier Tag,DE-BE,Berlin
2024-10-04,2024-10-19,Herbstferien,DE-HB,Bremen
2024-10-04,2024-10-04,Brückentag,DE-HH,Hamburg
2024-10-04,2024-10-04,Zusätzlicher Ferientag,DE-MV,Mecklenburg-Vorpommern
2024-10-04,2024-10-19,Herbstferien,DE-NI,Niedersachsen
2024-10-07,2024-10-19,Herbstferien,DE-SN,Sachsen
2024-10-14,2024-10-25,Herbstferien,DE-HE,Hessen
2024-10-14,2024-10-26,Herbstferien,DE-NW,Nordrhein-Westfalen
2024-10-14,2024-10-25,Herbstferien,DE-RP,Rheinland-Pfalz
2024-10-14,2024-11-01,Herbstferien,DE-SH,Schleswig-Holstein
2024-10-14,2024-10-25,Herbstferien,DE-SL,Saarland
2024-10-21,2024-11-02,Herbstferien,DE-BB,Brandenburg
2024-10-21,2024-11-02,Herbstferien,DE-BE,Berlin
2024-10-21,2024-11-01,Herbstferien,DE-HH,Hamburg
2024-10-21,2024-10-26,Herbstferien,DE-MV,Mecklenburg-Vorpommern
2024-10-21,2024-11-01,Herbstferien,DE-SH,Schleswig-Holstein
2024-10-28,2024-10-30,Herbstferien,DE-BW,Baden-Württemberg
2024-10-28,2024-10-31,Herbstferien,DE-BY,Bayern
2024-10-31,2024-10-31,Reformationsfest,DE-BW,Baden-Württemberg
2024-11-01,2024-11-01,Tag nach dem Reformationstag,DE-HB,Bremen
2024-11-01,2024-11-01,Zusätzlicher Ferientag,DE-MV,Mecklenburg-Vorpommern
2024-11-01,2024-11-01,Tag nach dem Reformationstag,DE-NI,Niedersachsen
2024-11-01,2024-11-01,Ferientag,DE-ST,Sachsen-Anhalt
2024-11-20,2024-11-20,Buß- und Bettag,DE-BY,Bayern
2024-12-19,2025-01-07,Weihnachtsferien,DE-SH,Schleswig-Holstein
2024-12-20,2025-01-03,Weihnachtsferien,DE-HH,Hamburg
2024-12-23,2024-12-31,Weihnachtsferien,DE-BB,Brandenburg
2024-12-23,2024-12-31,Weihnachtsferien,DE-BE,Berlin
2024-12-23,2025-01-04,Weihnachtsferien,DE-BW,Baden-Württemberg
2024-12-23,2025-01-03,Weihnachtsferien,DE-BY,Bayern
2024-12-23,2025-01-04,Weihnachtsferien,DE-HB,Bremen
2024-12-23,2025-01-10,Weihnachtsferien,DE-HE,Hessen
2024-12-23,2025-01-04,Weihnachtsferien,DE-MV,Mecklenburg-Vorpommern
2024-12-23,2025-01-06,Weihnachtsferien,DE-MV,Mecklenburg-Vorpommern
2024-12-23,2025-01-04,Weihnachtsferien,DE-NI,Niedersachsen
2024-12-23,2025-01-06,Weihnachtsferien,DE-NW,Nordrhein-Westfalen
2024-12-23,2025-01-08,Weihnachtsferien,DE-RP,Rheinland-Pfalz
2024-12-23,2025-01-03,Weihnachtsferien,DE-SL,Saarland
2024-12-23,2025-01-03,Weihnachtsferien,DE-SN,Sachsen
2024-12-23,2025-01-04,Weihnachtsferien,DE-ST,Sachsen-Anhalt
2024-12-23,2025-01-03,Weihnachtsferien,DE-TH,Thüringen
2025-01-27,2025-01-31,Winterferien,DE-ST,Sachsen-Anhalt
2025-01-31,2025-01-31,Halbjahrespause,DE-HH,Hamburg
2025-02-03,2025-02-08,Winterferien,DE-BB,Brandenburg
2025-02-03,2025-02-08,Winterferien,DE-BE,Berlin
2025-02-03,2025-02-04,Halbjahresferien,DE-HB,Bremen
2025-02-03,2025-02-14,Winterferien,DE-MV,Mecklenburg-Vorpommern
2025-02-03,2025-02-08,Winterferien,DE-MV,Mecklenburg-Vorpommern
2025-02-03,2025-02-04,Halbjahresferien,DE-NI,Niedersachsen
2025-02-03,2025-02-08,Winterferien,DE-TH,Thüringen
2025-02-17,2025-03-01,Winterferien,DE-SN,Sachsen
2025-02-24,2025-03-04,Fastnachtsferien,DE-SL,Saarland
2025-03-03,2025-03-07,Frühjahrsferien,DE-BY,Bayern
2025-03-10,2025-03-21,Frühjahrsferien,DE-HH,Hamburg
2025-04-07,2025-04-19,Osterferien,DE-HB,Bremen
2025-04-07,2025-04-21,Osterferien,DE-HE,Hessen
2025-04-07,2025-04-19,Osterferien,DE-NI,Niedersachsen
2025-04-07,2025-04-19,Osterferien,DE-ST,Sachsen-Anhalt
2025-04-07,2025-04-19,Osterferien,DE-TH,Thüringen
2025-04-11,2025-04-25,Osterferien,DE-SH,Schleswig-Holstein
2025-04-14,2025-04-25,Osterferien,DE-BB,Brandenburg
2025-04-14,2025-04-25,Osterferien,DE-BE,Berlin
2025-04-14,2025-04-26,Osterferien,DE-BW,Baden-Württemberg
2025-04-14,2025-04-25,Osterferien,DE-BY,Bayern
2025-04-14,2025-04-23,Osterferien,DE-MV,Mecklenburg-Vorpommern
2025-04-14,2025-04-25,Osterferien,DE-MV,Mecklenburg-Vorpommern
2025-04-14,2025-04-26,Osterferien,DE-NW,Nordrhein-Westfalen
2025-04-14,2025-04-25,Osterferien,DE-RP,Rheinland-Pfalz
2025-04-14,2025-04-25,Osterferien,DE-SL,Saarland
2025-04-18,2025-04-25,Osterferien,DE-SN,Sachsen
2025-04-30,2025-05-02,Kirchentag und Tag nach dem 1. Mai,DE-HB,Bremen
2025-04-30,2025-04-30,Kirchentag,DE-NI,Niedersachsen
2025-05-02,2025-05-02,Variabler Ferientag,DE-BB,Brandenburg
2025-05-02,2025-05-02,Unterrichtsfreier Tag,DE-BE,Berlin
2025-05-02,2025-05-02,Brückentag,DE-HH,Hamburg
2025-05-02,2025-05-02,Zusätzlicher Ferientag,DE-MV,Mecklenburg-Vorpommern
2025-05-02,2025-05-02,Tag nach dem 1. Mai,DE-NI,Niedersachsen
2025-05-26,2025-05-30,Pfingstferien,DE-HH,Hamburg
2025-05-30,2025-05-30,Variabler Ferientag,DE-BB,Brandenburg
2025-05-30,2025-05-30,Unterrichtsfreier Tag,DE-BE,Berlin
2025-05-30,2025-05-30,Tag nach Himmelfahrt,DE-HB,Bremen
2025-05-30,2025-05-30,Zusätzlicher Ferientag,DE-MV,Mecklenburg-Vorpommern
2025-05-30,2025-05-30,Tag nach Himmelfahrt,DE-NI,Niedersachsen
2025-05-30,2025-05-30,Himmelfahrt,DE-SH,Schleswig-Holstein
2025-05-30,2025-05-30,Unterrichtsfreier Tag,DE-SN,Sachsen
2025-05-30,2025-05-30,Ferientag,DE-ST,Sachsen-Anhalt
2025-05-30,2025-05-30,Schulfreier Tag,DE-TH,Thüringen
2025-06-06,2025-06-10,Pfingstferien,DE-MV,Mecklenburg-Vorpommern
2025-06-10,2025-06-10,Pfingstferien,DE-BB,Brandenburg
2025-06-10,2025-06-10,Pfingstferien,DE-BE,Berlin
2025-06-10,2025-06-20,Pfingstferien,DE-BW,Baden-Württemberg
2025-06-10,2025-06-20,Pfingstferien,DE-BY,Bayern
2025-06-10,2025-06-10,Pfingstferien,DE-HB,Bremen
2025-06-10,2025-06-10,Pfingstferien,DE-NI,Niedersachsen
2025-06-10,2025-06-10,Pfingstferien,DE-NW,Nordrhein-Westfalen
2025-06-28,2025-08-08,Sommerferien,DE-SN,Sachsen
2025-06-28,2025-08-08,Sommerferien,DE-ST,Sachsen-Anhalt
2025-06-28,2025-08-08,Sommerferien,DE-TH,Thüringen
2025-07-03,2025-08-13,Sommerferien,DE-HB,Bremen
2025-07-03,2025-08-13,Sommerferien,DE-NI,Niedersachsen
2025-07-07,2025-08-15,Sommerferien,DE-HE,Hessen
2025-07-07,2025-08-15,Sommerferien,DE-RP,Rheinland-Pfalz
2025-07-07,2025-08-14,Sommerferien,DE-SL,Saarland
2025-07-14,2025-08-30,Sommerferien,DE-MV,Mecklenburg-Vorpommern
2025-07-14,2025-08-26,Sommerferien,DE-NW,Nordrhein-Westfalen
2025-07-24,2025-09-06,Sommerferien,DE-BB,Brandenburg
2025-07-24,2025-09-06,Sommerferien,DE-BE,Berlin
2025-07-24,2025-09-03,Sommerferien,DE-HH,Hamburg
2025-07-28,2025-09-06,Sommerferien,DE-MV,Mecklenburg-Vorpommern
2025-07-28,2025-09-06,Sommerferien,DE-SH,Schleswig-Holstein
2025-07-28,2025-08-30,Sommerferien,DE-SH,Schleswig-Holstein
2025-07-31,2025-09-13,Sommerferien,DE-BW,Baden-Württemberg
2025-08-01,2025-09-15,Sommerferien,DE-BY,Bayern
2025-10-01,2025-10-01,Zusätzlicher Ferientag,DE-MV,Mecklenburg-Vorpommern
2025-10-02,2025-10-02,Zusätzlicher Ferientag,DE-MV,Mecklenburg-Vorpommern
2025-10-06,2025-10-18,Herbstferien,DE-HE,Hessen
2025-10-06,2025-10-18,Herbstferien,DE-SN,Sachsen
2025-10-06,2025-10-18,Herbstferien,DE-TH,Thüringen
2025-10-13,2025-10-25,Herbstferien,DE-HB,Bremen
2025-10-13,2025-10-25,Herbstferien,DE-NI,Niedersachsen
2025-10-13,2025-10-25,Herbstferien,DE-NW,Nordrhein-Westfalen
2025-10-13,2025-10-24,Herbstferien,DE-RP,Rheinland-Pfalz
2025-10-13,2025-10-30,Herbstferien,DE-SH,Schleswig-Holstein
2025-10-13,2025-10-24,Herbstferien,DE-SL,Saarland
2025-10-13,2025-10-25,Herbstferien,DE-ST,Sachsen-Anhalt
2025-10-20,2025-11-01,Herbstferien,DE-BB,Brandenburg
2025-10-20,2025-11-01,Herbstferien,DE-BE,Berlin
2025-10-20,2025-10-31,Herbstferien,DE-HH,Hamburg
2025-10-20,2025-10-24,Herbstferien,DE-MV,Mecklenburg-Vorpommern
2025-10-20,2025-10-25,Herbstferien,DE-MV,Mecklenburg-Vorpommern
2025-10-20,2025-10-30,Herbstferien,DE-SH,Schleswig-Holstein
2025-10-27,2025-10-30,Herbstferien,DE-BW,Baden-Württemberg
2025-10-31,2025-10-31,Reformationsfest,DE-BW,Baden-Württemberg
2025-11-03,2025-11-07,Herbstferien,DE-BY,Bayern
2025-11-03,2025-11-03,Zusätzlicher Ferientag,DE-MV,Mecklenburg-Vorpommern
2025-11-19,2025-11-19,Buß- und Bettag,DE-BY,Bayern
2025-12-17,2026-01-02,Weihnachtsferien,DE-HH,Hamburg
2025-12-19,2026-01-06,Weihnachtsferien,DE-SH,Schleswig-Holstein
2025-12-20,2026-01-03,Weihnachtsferien,DE-MV,Mecklenburg-Vorpommern
2025-12-22,2026-01-02,Weihnachtsferien,DE-BB,Brandenburg
2025-12-22,2026-01-02,Weihnachtsferien,DE-BE,Berlin
2025-12-22,2026-01-05,Weihnachtsferien,DE-BW,Baden-Württemberg
2025-12-22,2026-01-05,Weihnachtsferien,DE-BY,Bayern
2025-12-22,2026-01-05,Weihnachtsferien,DE-HB,Bremen
2025-12-22,2026-01-10,Weihnachtsferien,DE-HE,Hessen
2025-12-22,2026-01-03,Weihnachtsferien,DE-MV,Mecklenburg-Vorpommern
2025-12-22,2026-01-05,Weihnachtsferien,DE-NI,Niedersachsen
2025-12-22,2026-01-06,Weihnachtsferien,DE-NW,Nordrhein-Westfalen
2025-12-22,2026-01-07,Weihnachtsferien,DE-RP,Rheinland-Pfalz
2025-12-22,2026-01-02,Weihnachtsferien,DE-SL,Saarland
2025-12-22,2026-01-02,Weihnachtsferien,DE-SN,Sachsen
2025-12-22,2026-01-05,Weihnachtsferien,DE-ST,Sachsen-Anhalt
2025-12-22,2026-01-03,Weihnachtsferien,DE-TH,Thüringen
2026-01-30,2026-01-30,Halbjahrespause,DE-HH,Hamburg
2026-01-31,2026-02-06,Winterferien,DE-ST,Sachsen-Anhalt
2026-02-02,2026-02-07,Winterferien,DE-BB,Brandenburg
2026-02-02,2026-02-07,Winterferien,DE-BE,Berlin
2026-02-02,2026-02-03,Halbjahresferien,DE-HB,Bremen
2026-02-02,2026-02-03,Halbjahresferien,DE-NI,Niedersachsen
2026-02-09,2026-02-14,Winterferien,DE-MV,Mecklenburg-Vorpommern
2026-02-09,2026-02-20,Winterferien,DE-MV,Mecklenburg-Vorpommern
2026-02-09,2026-02-21,Winterferien,DE-SN,Sachsen
2026-02-16,2026-02-20,Frühjahrsferien,DE-BY,Bayern
2026-02-16,2026-02-20,Fastnachtsferien,DE-SL,Saarland
2026-02-16,2026-02-21,Winterferien,DE-TH,Thüringen
2026-03-02,2026-03-13,Frühjahrsferien,DE-HH,Hamburg
2026-03-23,2026-04-07,Osterferien,DE-HB,Bremen
2026-03-23,2026-04-07,Osterferien,DE-NI,Niedersachsen
2026-03-26,2026-04-10,Osterferien,DE-SH,Schleswig-Holstein
2026-03-30,2026-04-10,Osterferien,DE-BB,Brandenburg
2026-03-30,2026-04-10,Osterferien,DE-BE,Berlin
2026-03-30,2026-04-11,Osterferien,DE-BW,Baden-Württemberg
2026-03-30,2026-04-10,Osterferien,DE-BY,Bayern
2026-03-30,2026-04-10,Osterferien,DE-HE,Hessen
2026-03-30,2026-04-08,Osterferien,DE-MV,Mecklenburg-Vorpommern
2026-03-30,2026-04-10,Osterferien,DE-MV,Mecklenburg-Vorpommern
2026-03-30,2026-04-11,Osterferien,DE-NW,Nordrhein-Westfalen
2026-03-30,2026-04-10,Osterferien,DE-RP,Rheinland-Pfalz
2026-03-30,2026-04-04,Osterferien,DE-ST,Sachsen-Anhalt
2026-04-03,2026-04-10,Osterferien,DE-SN,Sachsen
2026-04-07,2026-04-17,Osterferien,DE-SL,Saarland
2026-04-07,2026-04-17,Osterferien,DE-TH,Thüringen
2026-05-11,2026-05-15,Pfingstferien,DE-HH,Hamburg
2026-05-15,2026-05-15,Variabler Ferientag,DE-BB,Brandenburg
2026-05-15,2026-05-15,Unterrichtsfreier Tag,DE-BE,Berlin
2026-05-15,2026-05-15,Tag nach Himmelfahrt,DE-HB,Bremen
2026-05-15,2026-05-15,Zusätzlicher Ferientag,DE-MV,Mecklenburg-Vorpommern
2026-05-15,2026-05-15,Tag nach Himmelfahrt,DE-NI,Niedersachsen
2026-05-15,2026-05-15,Himmelfahrt,DE-SH,Schleswig-Holstein
2026-05-15,2026-05-15,Unterrichtsfreier Tag,DE-SN,Sachsen
2026-05-15,2026-05-15,Schulfreier Tag,DE-TH,Thüringen
2026-05-22,2026-05-26,Pfingstferien,DE-MV,Mecklenburg-Vorpommern
2026-05-26,2026-05-26,Pfingstferien,DE-BB,Brandenburg
2026-05-26,2026-05-26,Pfingstferien,DE-BE,Berlin
2026-05-26,2026-06-05,Pfingstferien,DE-BW,Baden-Württemberg
2026-05-26,2026-06-05,Pfingstferien,DE-BY,Bayern
2026-05-26,2026-05-26,Pfingstferien,DE-HB,Bremen
2026-05-26,2026-05-26,Pfingstferien,DE-NI,Niedersachsen
2026-05-26,2026-05-26,Pfingstferien,DE-NW,Nordrhein-Westfalen
2026-05-26,2026-05-29,Pfingstferien,DE-ST,Sachsen-Anhalt
2026-06-29,2026-08-07,Sommerferien,DE-HE,Hessen
2026-06-29,2026-08-07,Sommerferien,DE-RP,Rheinland-Pfalz
2026-06-29,2026-08-07,Sommerferien,DE-SL,Saarland
2026-07-02,2026-08-12,Sommerferien,DE-HB,Bremen
2026-07-02,2026-08-12,Sommerferien,DE-NI,Niedersachsen
2026-07-04,2026-08-15,Sommerferien,DE-SH,Schleswig-Holstein
2026-07-04,2026-08-08,Sommerferien,DE-SH,Schleswig-Holstein
2026-07-04,2026-08-14,Sommerferien,DE-SN,Sachsen
2026-07-04,2026-08-14,Sommerferien,DE-ST,Sachsen-Anhalt
2026-07-04,2026-08-14,Sommerferien,DE-TH,Thüringen
2026-07-09,2026-08-22,Sommerferien,DE-BB,Brandenburg
2026-07-09,2026-08-22,Sommerferien,DE-BE,Berlin
2026-07-09,2026-08-19,Sommerferien,DE-HH,Hamburg
2026-07-13,2026-08-29,Sommerferien,DE-MV,Mecklenburg-Vorpommern
2026-07-13,2026-08-22,Sommerferien,DE-MV,Mecklenburg-Vorpommern
2026-07-20,2026-09-01,Sommerferien,DE-NW,Nordrhein-Westfalen
2026-07-30,2026-09-12,Sommerferien,DE-BW,Baden-Württemberg
2026-08-03,2026-09-14,Sommerferien,DE-BY,Bayern
2026-10-05,2026-10-17,Herbstferien,DE-HE,Hessen
2026-10-05,2026-10-16,Herbstferien,DE-RP,Rheinland-Pfalz
2026-10-05,2026-10-24,Herbstferien,DE-SH,Schleswig-Holstein
2026-10-05,2026-10-16,Herbstferien,DE-SL,Saarland
2026-10-12,2026-10-24,Herbstferien,DE-HB,Bremen
2026-10-12,2026-10-24,Herbstferien,DE-NI,Niedersachsen
2026-10-12,2026-10-24,Herbstferien,DE-SH,Schleswig-Holstein
2026-10-12,2026-10-24,Herbstferien,DE-SN,Sachsen
2026-10-12,2026-10-24,Herbstferien,DE-TH,Thüringen
2026-10-15,2026-10-24,Herbstferien,DE-MV,Mecklenburg-Vorpommern
2026-10-17,2026-10-31,Herbstferien,DE-NW,Nordrhein-Westfalen
2026-10-19,2026-10-30,Herbstferien,DE-BB,Brandenburg
2026-10-19,2026-10-31,Herbstferien,DE-BE,Berlin
2026-10-19,2026-10-30,Herbstferien,DE-HH,Hamburg
2026-10-19,2026-10-24,Herbstferien,DE-MV,Mecklenburg-Vorpommern
2026-10-19,2026-10-30,Herbstferien,DE-ST,Sachsen-Anhalt
2026-10-26,2026-10-30,Herbstferien,DE-BW,Baden-Württemberg
2026-10-31,2026-10-31,Reformationsfest,DE-BW,Baden-Württemberg
2026-11-02,2026-11-06,Herbstferien,DE-BY,Bayern
2026-11-18,2026-11-18,Buß- und Bettag,DE-BY,Bayern
2026-11-26,2026-11-26,Zusätzlicher Ferientag,DE-MV,Mecklenburg-Vorpommern
2026-11-27,2026-11-27,Zusätzlicher Ferientag,DE-MV,Mecklenburg-Vorpommern
2026-12-19,2027-01-02,Weihnachtsferien,DE-MV,Mecklenburg-Vorpommern
2026-12-21,2027-01-01,Weihnachtsferien,DE-HH,Hamburg
2026-12-21,2027-01-02,Weihnachtsferien,DE-MV,Mecklenburg-Vorpommern
2026-12-21,2027-01-06,Weihnachtsferien,DE-SH,Schleswig-Holstein
2026-12-21,2026-12-31,Weihnachtsferien,DE-SL,Saarland
2026-12-21,2027-01-02,Weihnachtsferien,DE-ST,Sachsen-Anhalt
2026-12-23,2027-01-02,Weihnachtsferien,DE-BB,Brandenburg
2026-12-23,2027-01-02,Weihnachtsferien,DE-BE,Berlin
2026-12-23,2027-01-09,Weihnachtsferien,DE-BW,Baden-Württemberg
2026-12-23,2027-01-09,Weihnachtsferien,DE-HB,Bremen
2026-12-23,2027-01-12,Weihnachtsferien,DE-HE,Hessen
2026-12-23,2027-01-09,Weihnachtsferien,DE-NI,Niedersachsen
2026-12-23,2027-01-06,Weihnachtsferien,DE-NW,Nordrhein-Westfalen
2026-12-23,2027-01-08,Weihnachtsferien,DE-RP,Rheinland-Pfalz
2026-12-23,2027-01-02,Weihnachtsferien,DE-SN,Sachsen
2026-12-23,2027-01-02,Weihnachtsferien,DE-TH,Thüringen
2026-12-24,2027-01-08,Weihnachtsferien,DE-BY,Bayern
2027-01-29,2027-01-29,Halbjahrespause,DE-HH,Hamburg
2027-02-01,2027-02-06,Winterferien,DE-BB,Brandenburg
2027-02-01,2027-02-06,Winterferien,DE-BE,Berlin
2027-02-01,2027-02-02,Halbjahresferien,DE-HB,Bremen
2027-02-01,2027-02-02,Halbjahresferien,DE-NI,Niedersachsen
2027-02-01,2027-02-06,Winterferien,DE-ST,Sachsen-Anhalt
2027-02-01,2027-02-06,Winterferien,DE-TH,Thüringen
2027-02-08,2027-02-12,Frühjahrsferien,DE-BY,Bayern
2027-02-08,2027-02-13,Winterferien,DE-MV,Mecklenburg-Vorpommern
2027-02-08,2027-02-19,Winterferien,DE-MV,Mecklenburg-Vorpommern
2027-02-08,2027-02-12,Fastnachtsferien,DE-SL,Saarland
2027-02-08,2027-02-19,Winterferien,DE-SN,Sachsen
2027-03-01,2027-03-12,Frühjahrsferien,DE-HH,Hamburg
2027-03-22,2027-04-03,Osterferien,DE-BB,Brandenburg
2027-03-22,2027-04-02,Osterferien,DE-BE,Berlin
2027-03-22,2027-04-02,Osterferien,DE-BY,Bayern
2027-03-22,2027-04-03,Osterferien,DE-HB,Bremen
2027-03-22,2027-04-02,Osterferien,DE-HE,Hessen
2027-03-22,2027-04-02,Osterferien,DE-MV,Mecklenburg-Vorpommern
2027-03-22,2027-04-03,Osterferien,DE-NI,Niedersachsen
2027-03-22,2027-04-03,Osterferien,DE-NW,Nordrhein-Westfalen
2027-03-22,2027-04-02,Osterferien,DE-RP,Rheinland-Pfalz
2027-03-22,2027-03-27,Osterferien,DE-ST,Sachsen-Anhalt
2027-03-22,2027-04-03,Osterferien,DE-TH,Thüringen
2027-03-24,2027-04-02,Osterferien,DE-MV,Mecklenburg-Vorpommern
2027-03-25,2027-03-25,Gründonnerstag,DE-BW,Baden-Württemberg
2027-03-26,2027-04-02,Osterferien,DE-SN,Sachsen
2027-03-30,2027-04-03,Osterferien,DE-BW,Baden-Württemberg
2027-03-30,2027-04-10,Osterferien,DE-SH,Schleswig-Holstein
2027-03-30,2027-04-09,Osterferien,DE-SL,Saarland
2027-05-07,2027-05-07,Variabler Ferientag,DE-BB,Brandenburg
2027-05-07,2027-05-07,Unterrichtsfreier Tag,DE-BE,Berlin
2027-05-07,2027-05-07,Tag nach Himmelfahrt,DE-HB,Bremen
2027-05-07,2027-05-14,Pfingstferien,DE-HH,Hamburg
2027-05-07,2027-05-07,Zusätzlicher Ferientag,DE-MV,Mecklenburg-Vorpommern
2027-05-07,2027-05-07,Tag nach Himmelfahrt,DE-NI,Niedersachsen
2027-05-07,2027-05-07,Himmelfahrt,DE-SH,Schleswig-Holstein
2027-05-07,2027-05-07,Unterrichtsfreier Tag,DE-SN,Sachsen
2027-05-07,2027-05-07,Schulfreier Tag,DE-TH,Thüringen
2027-05-14,2027-05-18,Pfingstferien,DE-MV,Mecklenburg-Vorpommern
2027-05-15,2027-05-18,Pfingstferien,DE-SN,Sachsen
2027-05-15,2027-05-22,Pfingstferien,DE-ST,Sachsen-Anhalt
2027-05-18,2027-05-18,Pfingstferien,DE-BB,Brandenburg
2027-05-18,2027-05-19,Pfingstferien,DE-BE,Berlin
2027-05-18,2027-05-29,Pfingstferien,DE-BW,Baden-Württemberg
2027-05-18,2027-05-28,Pfingstferien,DE-BY,Bayern
2027-05-18,2027-05-18,Pfingstferien,DE-HB,Bremen
2027-05-18,2027-05-18,Pfingstferien,DE-NI,Niedersachsen
2027-05-18,2027-05-18,Pfingstferien,DE-NW,Nordrhein-Westfalen
2027-06-28,2027-08-06,Sommerferien,DE-HE,Hessen
2027-06-28,2027-08-06,Sommerferien,DE-RP,Rheinland-Pfalz
2027-06-28,2027-08-06,Sommerferien,DE-SL,Saarland
2027-07-01,2027-08-14,Sommerferien,DE-BB,Brandenburg
2027-07-01,2027-08-14,Sommerferien,DE-BE,Berlin
2027-07-01,2027-08-11,Sommerferien,DE-HH,Hamburg
2027-07-03,2027-08-14,Sommerferien,DE-SH,Schleswig-Holstein
2027-07-03,2027-08-07,Sommerferien,DE-SH,Schleswig-Holstein
2027-07-05,2027-08-14,Sommerferien,DE-MV,Mecklenburg-Vorpommern
2027-07-08,2027-08-18,Sommerferien,DE-HB,Bremen
2027-07-08,2027-08-18,Sommerferien,DE-NI,Niedersachsen
2027-07-10,2027-08-20,Sommerferien,DE-SN,Sachsen
2027-07-10,2027-08-20,Sommerferien,DE-ST,Sachsen-Anhalt
2027-07-10,2027-08-20,Sommerferien,DE-TH,Thüringen
2027-07-12,2027-08-28,Sommerferien,DE-MV,Mecklenburg-Vorpommern
2027-07-19,2027-08-31,Sommerferien,DE-NW,Nordrhein-Westfalen
2027-07-29,2027-09-11,Sommerferien,DE-BW,Baden-Württemberg
2027-08-02,2027-09-13,Sommerferien,DE-BY,Bayern
2027-10-04,2027-10-16,Herbstferien,DE-HE,Hessen
2027-10-04,2027-10-15,Herbstferien,DE-RP,Rheinland-Pfalz
2027-10-04,2027-10-23,Herbstferien,DE-SH,Schleswig-Holstein
2027-10-04,2027-10-15,Herbstferien,DE-SL,Saarland
2027-10-09,2027-10-23,Herbstferien,DE-TH,Thüringen
2027-10-11,2027-10-23,Herbstferien,DE-BB,Brandenburg
2027-10-11,2027-10-23,Herbstferien,DE-BE,Berlin
2027-10-11,2027-10-22,Herbstferien,DE-HH,Hamburg
2027-10-11,2027-10-23,Herbstferien,DE-SH,Schleswig-Holstein
2027-10-11,2027-10-23,Herbstferien,DE-SN,Sachsen
2027-10-14,2027-10-23,Herbstferien,DE-MV,Mecklenburg-Vorpommern
2027-10-16,2027-10-23,Herbstferien,DE-MV,Mecklenburg-Vorpommern
2027-10-16,2027-10-30,Herbstferien,DE-NI,Niedersachsen
2027-10-18,2027-10-30,Herbstferien,DE-HB,Bremen
2027-10-18,2027-10-23,Herbstferien,DE-ST,Sachsen-Anhalt
2027-10-23,2027-11-06,Herbstferien,DE-NW,Nordrhein-Westfalen
2027-11-02,2027-11-06,Herbstferien,DE-BW,Baden-Württemberg
2027-11-02,2027-11-05,Herbstferien,DE-BY,Bayern
2027-11-17,2027-11-17,Buß- und Bettag,DE-BY,Bayern
2027-11-25,2027-11-25,Zusätzlicher Ferientag,DE-MV,Mecklenburg-Vorpommern
2027-11-26,2027-11-26,Zusätzlicher Ferientag,DE-MV,Mecklenburg-Vorpommern
2027-12-20,2027-12-31,Weihnachtsferien,DE-HH,Hamburg
2027-12-20,2027-12-31,Weihnachtsferien,DE-SL,Saarland
2027-12-20,2027-12-31,Weihnachtsferien,DE-ST,Sachsen-Anhalt
2027-12-22,2027-12-31,Weihnachtsferien,DE-BE,Berlin
2027-12-22,2028-01-04,Weihnachtsferien,DE-MV,Mecklenburg-Vorpommern
2027-12-22,2027-12-31,Weihnachtsferien,DE-MV,Mecklenburg-Vorpommern
2027-12-23,2027-12-31,Weihnachtsferien,DE-BB,Brandenburg
2027-12-23,2028-01-08,Weihnachtsferien,DE-BW,Baden-Württemberg
2027-12-23,2028-01-08,Weihnachtsferien,DE-HB,Bremen
2027-12-23,2028-01-11,Weihnachtsferien,DE-HE,Hessen
2027-12-23,2028-01-08,Weihnachtsferien,DE-NI,Niedersachsen
2027-12-23,2028-01-07,Weihnachtsferien,DE-RP,Rheinland-Pfalz
2027-12-23,2028-01-08,Weihnachtsferien,DE-SH,Schleswig-Holstein
2027-12-23,2028-01-01,Weihnachtsferien,DE-SN,Sachsen
2027-12-23,2027-12-31,Weihnachtsferien,DE-TH,Thüringen
2027-12-24,2028-01-07,Weihnachtsferien,DE-BY,Bayern
2027-12-24,2028-01-08,Weihnachtsferien,DE-NW,Nordrhein-Westfalen
2028-01-28,2028-01-28,Halbjahrespause,DE-HH,Hamburg
2028-01-31,2028-02-05,Winterferien,DE-BB,Brandenburg
2028-01-31,2028-02-05,Winterferien,DE-BE,Berlin
2028-01-31,2028-02-01,Halbjahresferien,DE-HB,Bremen
2028-01-31,2028-02-01,Halbjahresferien,DE-NI,Niedersachsen
2028-02-05,2028-02-17,Winterferien,DE-MV,Mecklenburg-Vorpommern
2028-02-05,2028-02-12,Winterferien,DE-MV,Mecklenburg-Vorpommern
2028-02-07,2028-02-12,Winterferien,DE-ST,Sachsen-Anhalt
2028-02-07,2028-02-12,Winterferien,DE-TH,Thüringen
2028-02-14,2028-02-26,Winterferien,DE-SN,Sachsen
2028-02-18,2028-02-18,Schulfrei,DE-MV,Mecklenburg-Vorpommern
2028-02-21,2028-02-29,Fastnachtsferien,DE-SL,Saarland
2028-02-28,2028-03-03,Frühjahrsferien,DE-BY,Bayern
2028-03-06,2028-03-17,Frühjahrsferien,DE-HH,Hamburg
2028-03-09,2028-03-09,Zusätzlicher Ferientag,DE-MV,Mecklenburg-Vorpommern
2028-03-10,2028-03-10,Zusätzlicher Ferientag,DE-MV,Mecklenburg-Vorpommern
2028-04-03,2028-04-14,Osterferien,DE-HE,Hessen
2028-04-03,2028-04-15,Osterferien,DE-SH,Schleswig-Holstein
2028-04-03,2028-04-15,Osterferien,DE-TH,Thüringen
2028-04-10,2028-04-22,Osterferien,DE-BB,Brandenburg
2028-04-10,2028-04-22,Osterferien,DE-BE,Berlin
2028-04-10,2028-04-21,Osterferien,DE-BY,Bayern
2028-04-10,2028-04-22,Osterferien,DE-HB,Bremen
2028-04-10,2028-04-22,Osterferien,DE-NI,Niedersachsen
2028-04-10,2028-04-22,Osterferien,DE-NW,Nordrhein-Westfalen
2028-04-10,2028-04-21,Osterferien,DE-RP,Rheinland-Pfalz
2028-04-10,2028-04-22,Osterferien,DE-ST,Sachsen-Anhalt
2028-04-12,2028-04-21,Osterferien,DE-MV,Mecklenburg-Vorpommern
2028-04-12,2028-04-21,Osterferien,DE-SL,Saarland
2028-04-13,2028-04-13,Gründonnerstag,DE-BW,Baden-Württemberg
2028-04-14,2028-04-22,Osterferien,DE-SN,Sachsen
2028-04-18,2028-04-22,Osterferien,DE-BW,Baden-Württemberg
2028-05-22,2028-05-26,Pfingstferien,DE-HH,Hamburg
2028-05-26,2028-05-26,Variabler Ferientag,DE-BB,Brandenburg
2028-05-26,2028-05-26,Unterrichtsfreier Tag,DE-BE,Berlin
2028-05-26,2028-05-26,Tag nach Himmelfahrt,DE-HB,Bremen
2028-05-26,2028-05-26,Zusätzlicher Ferientag,DE-MV,Mecklenburg-Vorpommern
2028-05-26,2028-05-26,Tag nach Himmelfahrt,DE-NI,Niedersachsen
2028-05-26,2028-05-26,Himmelfahrt,DE-SH,Schleswig-Holstein
2028-05-26,2028-05-26,Unterrichtsfreier Tag,DE-SN,Sachsen
2028-05-26,2028-05-26,Schulfreier Tag,DE-TH,Thüringen
2028-06-01,2028-06-02,Pfingstferien,DE-BE,Berlin
2028-06-02,2028-06-06,Pfingstferien,DE-MV,Mecklenburg-Vorpommern
2028-06-03,2028-06-10,Pfingstferien,DE-ST,Sachsen-Anhalt
2028-06-06,2028-06-17,Pfingstferien,DE-BW,Baden-Württemberg
2028-06-06,2028-06-16,Pfingstferien,DE-BY,Bayern
2028-06-06,2028-06-06,Pfingstferien,DE-HB,Bremen
2028-06-06,2028-06-06,Pfingstferien,DE-NI,Niedersachsen
2028-06-24,2028-08-04,Sommerferien,DE-SH,Schleswig-Holstein
2028-06-24,2028-07-28,Sommerferien,DE-SH,Schleswig-Holstein
2028-06-26,2028-08-05,Sommerferien,DE-MV,Mecklenburg-Vorpommern
2028-06-29,2028-08-12,Sommerferien,DE-BB,Brandenburg
2028-07-01,2028-08-12,Sommerferien,DE-BE,Berlin
2028-07-03,2028-08-11,Sommerferien,DE-HE,Hessen
2028-07-03,2028-08-11,Sommerferien,DE-HH,Hamburg
2028-07-03,2028-08-11,Sommerferien,DE-RP,Rheinland-Pfalz
2028-07-03,2028-08-11,Sommerferien,DE-SL,Saarland
2028-07-10,2028-08-22,Sommerferien,DE-NW,Nordrhein-Westfalen
2028-07-17,2028-09-02,Sommerferien,DE-MV,Mecklenburg-Vorpommern
2028-07-20,2028-08-30,Sommerferien,DE-HB,Bremen
2028-07-20,2028-08-30,Sommerferien,DE-NI,Niedersachsen
2028-07-22,2028-09-01,Sommerferien,DE-SN,Sachsen
2028-07-22,2028-09-01,Sommerferien,DE-ST,Sachsen-Anhalt
2028-07-22,2028-09-01,Sommerferien,DE-TH,Thüringen
2028-07-27,2028-09-09,Sommerferien,DE-BW,Baden-Württemberg
2028-07-31,2028-09-11,Sommerferien,DE-BY,Bayern
2028-10-02,2028-10-14,Herbstferien,DE-BB,Brandenburg
2028-10-02,2028-10-14,Herbstferien,DE-BE,Berlin
2028-10-02,2028-10-02,Tag vor dem 3. Oktober,DE-HB,Bremen
2028-10-02,2028-10-13,Herbstferien,DE-HH,Hamburg
2028-10-02,2028-10-02,Zusätzlicher Ferientag,DE-MV,Mecklenburg-Vorpommern
2028-10-02,2028-10-02,Tag vor dem 3. Oktober,DE-NI,Niedersachsen
2028-10-02,2028-10-02,Ferientag,DE-ST,Sachsen-Anhalt
2028-10-09,2028-10-20,Herbstferien,DE-HE,Hessen
2028-10-09,2028-10-20,Herbstferien,DE-RP,Rheinland-Pfalz
2028-10-09,2028-10-30,Herbstferien,DE-SH,Schleswig-Holstein
2028-10-09,2028-10-20,Herbstferien,DE-SL,Saarland
2028-10-16,2028-10-30,Herbstferien,DE-SH,Schleswig-Holstein
2028-10-23,2028-11-04,Herbstferien,DE-HB,Bremen
2028-10-23,2028-10-28,Herbstferien,DE-MV,Mecklenburg-Vorpommern
2028-10-23,2028-11-04,Herbstferien,DE-NI,Niedersachsen
2028-10-23,2028-11-04,Herbstferien,DE-NW,Nordrhein-Westfalen
2028-10-23,2028-11-03,Herbstferien,DE-SN,Sachsen
2028-10-23,2028-11-03,Herbstferien,DE-TH,Thüringen
2028-10-30,2028-10-30,Variabler Ferientag,DE-BB,Brandenburg
2028-10-30,2028-11-03,Herbstferien,DE-BW,Baden-Württemberg
2028-10-30,2028-11-03,Herbstferien,DE-BY,Bayern
2028-10-30,2028-10-30,Brückentag,DE-HH,Hamburg
2028-10-30,2028-10-30,Zusätzlicher Ferientag,DE-MV,Mecklenburg-Vorpommern
2028-10-30,2028-11-03,Herbstferien,DE-ST,Sachsen-Anhalt
2028-11-22,2028-11-22,Buß- und Bettag,DE-BY,Bayern
2028-12-18,2028-12-29,Weihnachtsferien,DE-HH,Hamburg
2028-12-20,2029-01-02,Weihnachtsferien,DE-SL,Saarland
2028-12-21,2029-01-02,Weihnachtsferien,DE-MV,Mecklenburg-Vorpommern
2028-12-21,2029-01-05,Weihnachtsferien,DE-NW,Nordrhein-Westfalen
2028-12-21,2029-01-08,Weihnachtsferien,DE-RP,Rheinland-Pfalz
2028-12-21,2029-01-05,Weihnachtsferien,DE-SH,Schleswig-Holstein
2028-12-21,2029-01-02,Weihnachtsferien,DE-ST,Sachsen-Anhalt
2028-12-22,2029-01-02,Weihnachtsferien,DE-BB,Brandenburg
2028-12-22,2029-01-02,Weihnachtsferien,DE-BE,Berlin
2028-12-22,2029-01-02,Weihnachtsferien,DE-MV,Mecklenburg-Vorpommern
2028-12-23,2029-01-05,Weihnachtsferien,DE-BW,Baden-Württemberg
2028-12-23,2029-01-05,Weihnachtsferien,DE-BY,Bayern
2028-12-23,2029-01-03,Weihnachtsferien,DE-SN,Sachsen
2028-12-23,2029-01-05,Weihnachtsferien,DE-TH,Thüringen
2028-12-27,2029-01-06,Weihnachtsferien,DE-HB,Bremen
2028-12-27,2029-01-12,Weihnachtsferien,DE-HE,Hessen
2028-12-27,2029-01-06,Weihnachtsferien,DE-NI,Niedersachsen
